goals,yellowCards,redCards,groundDuelsWon,groundDuelsWonPercentage,aerialDuelsWon,aerialDuelsWonPercentage,successfulDribbles,successfulDribblesPercentage,tackles,assists,accuratePassesPercentage,totalDuelsWon,totalDuelsWonPercentage,minutesPlayed,wasFouled,fouls,dispossessed,appearances,saves,savedShotsFromInsideTheBox,savedShotsFromOutsideTheBox,goalsConcededInsideTheBox,goalsConcededOutsideTheBox,highClaims,successfulRunsOut,punches,runsOut,accurateFinalThirdPasses,bigChancesCreated,accuratePasses,keyPasses,accurateCrosses,accurateCrossesPercentage,accurateLongBalls,accurateLongBallsPercentage,interceptions,clearances,dribbledPast,bigChancesMissed,totalShots,shotsOnTarget,blockedShots,goalConversionPercentage,hitWoodwork,offsides,expectedGoals,errorLeadToGoal,errorLeadToShot,passToAssist,rating,player,team,id,team_id
3,0,0,12,46.15,0,0.0,4,40.0,4,0,80.39,12,46.15,259,4,4,3,3,0,0,0,2,0,0,0,0,0,18,2,41,5,6,31.58,2,40.0,2,5,1,2,8,6,1,37.5,0,1,,0,0,0,8.3,Maximiliano Gutiérrez,Huachipato,1385794,3164
1,1,0,10,90.91,6,75.0,0,0.0,6,0,88.8,16,84.21,283,4,0,1,4,0,0,0,1,1,0,0,0,0,19,0,230,0,0,0.0,16,61.54,5,22,0,0,4,2,1,25.0,0,0,,0,0,0,7.78,Bianneider Tamayo,Universidad de Chile,1475072,3161
0,0,0,0,0.0,0,0.0,0,0.0,0,0,57.69,0,0.0,56,0,0,0,1,3,3,0,0,0,0,1,0,1,3,0,15,0,0,0.0,6,35.29,0,1,0,0,0,0,0,0.0,0,0,,0,0,0,7.7,Eryin Sanhueza,Deportes La Serena,924505,5031
15,5,0,23,43.4,16,42.11,7,53.85,2,2,68.79,39,42.86,1147,14,17,8,14,0,0,0,13,4,0,0,0,0,32,3,119,6,1,16.67,6,75.0,1,9,2,6,41,22,4,36.59,0,14,,0,0,0,7.56,Fernando Zampedri,Universidad Católica,828952,3151
1,6,0,53,58.89,41,71.93,6,75.0,38,1,88.45,94,63.95,1123,9,17,4,14,0,0,0,10,0,0,0,0,0,136,0,827,9,0,0.0,103,67.76,30,45,15,1,18,2,2,5.56,0,0,,0,0,0,7.51,Arturo Vidal,Colo-Colo,18342,3155
0,0,1,21,56.76,24,72.73,1,25.0,13,7,71.46,45,64.29,958,7,5,4,11,0,0,0,13,0,0,0,0,0,96,8,323,29,39,34.21,45,40.91,17,35,5,0,6,2,3,0.0,2,1,,0,0,0,7.45,Juan Cornejo,Coquimbo Unido,1096735,3165
5,1,0,54,52.94,16,53.33,19,43.18,8,4,82.25,70,53.03,1150,27,8,10,15,0,0,0,14,1,0,0,0,0,144,5,315,33,41,32.8,15,60.0,3,6,7,4,36,13,10,13.89,2,4,,0,0,0,7.44,Francisco González,O'Higgins,983528,3163
1,3,0,22,64.71,39,68.42,2,66.67,13,0,78.77,61,67.03,900,7,7,0,10,0,0,0,4,2,0,0,0,0,74,0,449,5,1,50.0,54,50.0,15,56,5,1,9,3,1,11.11,0,1,,0,1,0,7.44,Matías Zaldivia,Universidad de Chile,789979,3161
0,4,0,6,75.0,3,100.0,0,0.0,0,0,80.0,9,81.82,1350,6,0,1,15,54,37,16,7,3,5,6,8,6,16,0,312,0,0,0.0,75,49.02,0,20,1,0,0,0,0,0.0,0,0,,1,0,0,7.44,Gabriel Castellón,Universidad de Chile,805183,3161
2,2,0,40,50.0,9,81.82,18,66.67,9,5,81.58,49,53.85,923,13,10,15,14,0,0,0,12,4,0,0,0,0,160,9,381,26,22,37.93,21,42.86,4,2,7,0,26,8,7,7.69,1,0,,0,1,0,7.42,Matías Palavecino,Universidad Católica,973560,3151
5,1,0,82,50.93,4,23.53,28,51.85,29,8,76.13,86,48.31,1323,25,9,27,15,0,0,0,18,3,0,0,0,0,189,12,472,41,18,36.0,32,52.46,11,12,17,1,16,8,1,31.25,0,2,,0,0,0,7.41,Jean Meneses,Deportes Limache,818816,331131
3,2,0,80,47.06,8,42.11,30,42.25,33,3,69.39,88,46.56,1208,17,9,19,14,0,0,0,14,4,0,0,0,0,130,9,272,43,52,31.9,16,47.06,13,11,22,1,16,6,6,18.75,0,2,,0,1,0,7.35,Kevin Méndez,Unión La Calera,787710,48242
2,1,0,34,45.95,8,50.0,12,52.17,16,1,89.85,42,46.67,1305,7,7,13,15,0,0,0,12,0,0,0,0,0,302,3,903,45,5,26.32,40,74.07,8,9,9,0,13,5,2,15.38,1,1,,0,1,3,7.33,Víctor Felipe Méndez,Colo-Colo,870020,3155
2,0,0,8,47.06,4,80.0,6,66.67,2,0,75.38,12,54.55,133,0,1,5,3,0,0,0,0,0,0,0,0,0,19,0,49,3,0,0.0,3,33.33,0,3,0,0,5,2,1,40.0,0,0,,0,0,0,7.3,Luis Rojas,Universidad de Concepción,995284,5034
1,0,0,21,63.64,21,67.74,1,50.0,13,0,78.88,42,65.63,664,7,5,4,8,0,0,0,14,0,0,0,0,0,49,0,239,2,3,33.33,26,43.33,9,50,2,1,7,3,1,14.29,0,0,,0,1,0,7.3,Renzo Malanca,Huachipato,1096236,3164
8,3,0,33,39.76,6,28.57,20,48.78,3,5,72.7,39,37.5,1314,10,16,8,15,0,0,0,18,3,0,0,0,0,120,3,237,17,5,20.0,14,51.85,6,1,5,6,50,24,4,16.0,3,5,,0,0,0,7.27,Daniel Castro,Deportes Limache,925992,331131
3,2,0,72,47.68,23,53.49,16,44.44,23,1,76.75,95,48.97,1313,33,22,27,15,0,0,0,11,2,0,0,0,0,161,4,340,27,8,21.05,31,55.36,13,24,13,2,40,17,9,7.5,0,4,,0,1,1,7.23,Alan Medina,Everton de Viña del Mar,975053,5032
0,0,0,5,83.33,3,30.0,0,0.0,5,0,96.39,8,50.0,189,0,1,0,3,0,0,0,2,0,0,0,0,0,3,0,80,0,0,0.0,2,50.0,2,17,0,0,1,1,0,0.0,0,0,,0,0,0,7.23,José Movillo,O'Higgins,2038201,3163
0,5,0,74,57.81,11,52.38,9,50.0,43,0,83.07,85,57.05,1202,22,16,12,14,0,0,0,10,2,0,0,0,0,79,0,466,1,0,0.0,41,53.95,21,26,18,0,6,1,1,0.0,0,0,,0,0,0,7.21,Joaquín Moya,Everton de Viña del Mar,951270,5032
2,2,0,36,52.17,10,45.45,10,66.67,16,0,78.6,46,50.55,773,10,12,9,12,0,0,0,7,0,0,0,0,0,117,1,404,17,18,37.5,49,60.49,2,7,8,0,26,6,6,7.69,1,1,,0,0,0,7.2,Jorge Henríquez,Deportes Concepción,819072,3160
1,3,0,30,62.5,25,59.52,5,71.43,14,2,78.25,55,61.11,1221,11,6,2,14,0,0,0,17,2,0,0,0,0,77,0,482,10,8,21.62,79,45.93,17,88,8,0,4,2,0,25.0,0,0,,0,1,0,7.19,Nicolás Vargas,Huachipato,247055,3164
5,0,0,49,46.67,6,27.27,24,54.55,7,5,78.27,55,43.31,1287,18,3,27,15,0,0,0,21,2,0,0,0,0,118,7,389,32,25,30.49,24,55.81,6,6,7,0,39,13,14,12.82,0,4,,0,0,0,7.19,Jeisson Vargas,Deportes La Serena,805095,5031
1,3,0,49,59.76,15,65.22,10,71.43,21,0,85.3,64,60.95,1260,18,13,11,14,0,0,0,15,4,0,0,0,0,158,1,621,8,3,33.33,44,73.33,16,26,7,0,10,2,4,10.0,0,0,,0,0,0,7.18,Lorenzo Reyes,Ñublense,312376,7029
0,0,0,31,48.44,13,76.47,2,28.57,18,0,82.68,44,54.32,634,11,7,11,9,0,0,0,4,1,0,0,0,0,107,0,401,9,3,30.0,22,48.89,9,8,10,0,1,1,0,0.0,0,0,,0,1,0,7.16,Charles Aránguiz,Universidad de Chile,18304,3161
0,1,0,4,100.0,4,100.0,0,0.0,1,0,64.22,8,100.0,810,3,0,0,9,29,17,12,8,2,2,1,2,1,28,0,140,1,0,0.0,73,48.99,0,9,0,0,0,0,0,0.0,0,0,,0,0,0,7.16,Alejandro Santander,Cobresal,995285,3167
1,1,0,49,75.38,36,72.0,6,66.67,25,0,84.25,85,73.91,1065,18,5,5,12,0,0,0,12,1,0,0,0,0,53,0,460,1,1,14.29,36,55.38,13,51,3,0,6,1,2,16.67,0,0,,0,0,0,7.15,Enzo Ferrario,Audax Italiano,981010,3162
1,1,0,55,48.25,8,80.0,17,56.67,16,4,82.48,63,50.81,1127,22,9,31,15,0,0,0,19,3,0,0,0,0,196,2,532,43,24,37.5,47,66.2,7,6,9,1,18,6,7,5.56,1,3,,0,0,0,7.15,Bryan Carvallo,Cobresal,790000,3167
2,0,0,25,60.98,31,55.36,1,33.33,22,0,85.0,56,57.73,1032,2,8,1,13,0,0,0,6,2,0,0,0,0,64,1,527,3,1,25.0,30,40.54,9,70,6,0,3,2,1,66.67,0,0,,0,1,0,7.15,Nicolás Ramírez,Universidad de Chile,831012,3161
0,1,0,0,0.0,2,100.0,0,0.0,0,0,72.99,2,50.0,630,0,0,0,7,24,19,5,12,0,1,2,4,2,3,1,154,1,0,0.0,32,36.36,0,8,2,0,0,0,0,0.0,0,0,,0,0,0,7.14,José Sanhueza,Universidad de Concepción,978979,5034
0,3,1,32,45.07,12,54.55,6,60.0,21,2,86.3,44,47.31,1081,5,21,8,13,0,0,0,9,0,0,0,0,0,187,4,762,31,20,31.75,52,55.32,14,18,7,0,13,3,4,0.0,0,0,,0,1,0,7.14,Tomás Alarcón,Colo-Colo,844224,3155
0,0,0,0,0.0,3,100.0,0,0.0,0,0,78.16,3,100.0,360,1,0,0,4,13,9,3,5,0,3,1,1,1,5,0,68,0,0,0.0,17,47.22,0,2,0,0,0,0,0,0.0,0,0,,0,0,0,7.13,Esteban Kirkman,Everton de Viña del Mar,1182260,5032
2,1,0,24,43.64,3,42.86,8,44.44,6,3,78.44,27,43.55,557,10,4,10,12,0,0,0,0,0,0,0,0,0,143,6,302,14,6,26.09,24,66.67,2,0,7,0,17,7,6,11.76,1,1,,0,0,0,7.1,Claudio Aquino,Colo-Colo,340455,3155
1,4,0,60,56.07,9,64.29,2,25.0,36,1,85.7,69,57.02,1215,22,14,6,14,0,0,0,16,1,0,0,0,0,105,1,635,10,1,25.0,33,51.56,26,25,21,0,5,2,2,20.0,0,0,,0,1,0,7.09,Felipe Ogaz,O'Higgins,1177211,3163
8,1,0,18,38.3,12,31.58,10,41.67,7,3,62.77,30,35.29,670,1,4,11,12,0,0,0,8,0,0,0,0,0,30,3,86,11,0,0.0,4,44.44,2,4,1,4,44,23,11,18.18,0,8,,0,0,0,7.06,Javier Correa,Colo-Colo,581780,3155
0,0,0,1,100.0,2,100.0,1,100.0,0,0,67.88,3,100.0,540,0,0,0,6,22,13,9,16,3,0,2,3,2,16,0,93,0,0,0.0,51,53.68,0,7,0,0,0,0,0,0.0,0,0,,0,0,0,7.05,Jorge Pinos,Cobresal,925598,3167
0,2,0,24,70.59,3,60.0,1,100.0,13,0,92.81,27,69.23,646,10,5,1,8,0,0,0,8,2,0,0,0,0,63,0,400,3,0,0.0,26,66.67,8,9,4,0,0,0,0,0.0,0,0,,0,0,0,7.05,Gary Medel,Universidad Católica,22975,3151
1,7,0,58,58.59,24,68.57,5,27.78,29,5,77.36,82,61.19,1083,24,15,4,14,0,0,0,13,3,0,0,0,0,84,5,352,14,16,24.62,24,47.06,13,30,10,1,4,2,1,25.0,0,1,,0,0,0,7.04,Cristián Cuevas,Universidad Católica,324937,3151
0,2,0,20,64.52,37,56.92,0,0.0,14,0,84.77,57,59.38,909,6,9,2,11,0,0,0,7,2,0,0,0,0,13,0,412,1,0,0.0,21,35.0,7,81,3,0,1,0,0,0.0,0,0,,0,0,0,7.04,Franco Calderón,Universidad de Chile,981341,3161
8,4,0,53,47.75,29,54.72,14,53.85,16,3,74.73,82,50.0,1307,23,14,19,15,0,0,0,16,4,0,0,0,0,136,3,281,16,2,10.0,10,52.63,5,9,17,9,57,17,8,14.04,2,15,,0,0,0,7.03,Justo Giani,Universidad Católica,932866,3151
2,4,0,52,56.52,18,45.0,4,36.36,29,0,79.12,70,53.03,1078,19,14,12,12,0,0,0,15,2,0,0,0,0,120,3,466,14,1,25.0,21,42.0,18,43,11,1,9,3,0,22.22,0,2,,1,0,0,7.03,Gonzalo Escalante,Deportes La Serena,316170,5031
0,1,1,5,83.33,1,100.0,1,100.0,1,0,64.74,6,85.71,1080,3,1,0,12,33,23,10,14,0,8,4,2,5,18,0,202,0,0,0.0,116,51.56,0,4,0,0,0,0,0,0.0,0,0,,1,0,0,7.03,Diego Sánchez,Coquimbo Unido,386218,3165
0,3,1,50,62.5,28,57.14,3,75.0,29,0,87.39,78,60.47,1059,19,12,5,12,0,0,0,12,2,0,0,0,0,59,0,575,5,0,0.0,47,58.02,28,25,12,0,6,1,1,0.0,0,0,,1,1,0,7.03,Juan Manuel Requena,Unión La Calera,965967,48242
0,1,0,30,81.08,17,54.84,2,66.67,21,0,83.3,47,69.12,958,7,2,1,11,0,0,0,15,3,0,0,0,0,46,0,369,3,4,44.44,58,55.77,8,70,3,0,0,0,0,0.0,0,0,,0,0,0,7.03,Alfonso Parot,Deportes Limache,33829,331131
0,1,0,1,33.33,5,100.0,0,0.0,0,0,65.8,6,75.0,990,2,1,0,11,39,24,15,8,2,6,5,9,5,5,0,127,0,0,0.0,34,34.69,0,17,1,0,0,0,0,0.0,0,0,,0,0,0,7.03,Ignacio González,Everton de Viña del Mar,790001,5032
3,4,0,36,47.37,10,55.56,10,47.62,16,1,74.33,46,48.94,779,10,13,6,12,0,0,0,7,1,0,0,0,0,78,1,223,13,16,28.57,22,46.81,4,12,11,0,8,4,2,37.5,1,2,,0,0,0,7.03,Lucas Soto,Everton de Viña del Mar,1119679,5032
0,5,0,44,59.46,1,33.33,1,20.0,31,0,87.05,45,58.44,660,12,10,2,11,0,0,0,8,2,0,0,0,0,73,0,336,4,2,40.0,48,72.73,15,18,15,0,3,0,0,0.0,0,0,,0,1,0,7.02,Nelson Sepúlveda,Deportes Concepción,589548,3160
3,2,0,31,44.93,21,58.33,0,0.0,29,0,84.03,52,49.52,933,2,15,6,12,0,0,0,12,0,0,0,0,0,91,0,384,3,1,25.0,32,50.79,14,36,17,0,17,8,4,17.65,0,0,,0,0,0,7.02,Alejandro Camargo,Coquimbo Unido,805408,3165
7,1,0,35,43.21,48,51.61,7,31.82,20,1,60.25,83,47.7,1322,9,11,10,15,0,0,0,18,4,0,0,0,0,75,1,238,6,2,28.57,28,57.14,3,18,11,2,40,15,10,17.5,1,10,,0,0,0,7.01,Sebastián Sáez,Unión La Calera,936901,48242
0,0,1,27,58.7,1,33.33,12,80.0,6,0,83.45,28,57.14,518,9,4,7,8,0,0,0,7,1,0,0,0,0,89,1,232,11,4,22.22,20,58.82,5,3,5,0,9,2,2,0.0,0,0,,0,0,0,7.01,Dieter Villalpando,Everton de Viña del Mar,800239,5032
1,4,0,51,52.04,11,45.83,4,20.0,27,0,85.42,62,50.82,939,20,12,10,12,0,0,0,9,0,0,0,0,0,105,1,375,9,3,33.33,21,60.0,11,11,9,1,8,3,1,12.5,0,0,,0,0,1,7.01,Sebastián Galani,Coquimbo Unido,974009,3165
2,1,2,30,66.67,17,54.84,7,70.0,17,1,81.78,47,61.84,1050,6,5,2,13,0,0,0,11,2,0,0,0,0,83,1,377,3,3,15.0,43,51.19,17,66,5,1,8,5,0,25.0,0,0,,0,0,0,7.0,Yerko González,Deportes Limache,980882,331131
1,3,0,50,52.08,10,55.56,12,50.0,25,1,79.26,60,52.63,828,13,11,10,14,0,0,0,10,3,0,0,0,0,92,2,256,27,23,37.7,12,60.0,9,7,15,3,21,5,6,4.76,0,1,,0,0,0,7.0,Matías Plaza,Ñublense,986676,7029
1,3,1,24,70.59,40,78.43,1,50.0,18,0,85.02,64,75.29,894,5,8,1,10,0,0,0,12,4,0,0,0,0,46,1,511,4,1,33.33,40,43.96,29,57,0,0,6,4,0,16.67,0,1,,2,0,0,7.0,Juan Ignacio Díaz,Universidad Católica,896624,3151
0,0,0,3,75.0,2,66.67,0,0.0,3,0,72.0,5,71.43,90,0,2,0,1,0,0,0,1,0,0,0,0,0,1,0,18,0,0,0.0,1,33.33,1,8,0,1,1,1,0,0.0,0,0,,0,0,0,7.0,Lukas Soza,Coquimbo Unido,986647,3165
0,0,0,1,100.0,1,100.0,0,0.0,0,0,70.0,2,100.0,560,1,0,0,7,15,8,6,7,0,3,3,3,3,5,0,91,1,0,0.0,22,36.67,0,9,0,0,0,0,0,0.0,0,0,,1,0,0,7.0,Gabriel Maureira,Colo-Colo,1980388,3155
0,2,0,1,50.0,0,0.0,1,50.0,0,0,70.24,1,50.0,720,0,0,0,8,30,20,10,10,4,8,8,2,8,6,1,144,1,0,0.0,36,37.5,0,10,0,0,0,0,0,0.0,0,0,,1,2,0,7.0,Santiago Silva Azambuja,Universidad de Concepción,1002740,5034
0,1,0,36,56.25,30,51.72,7,63.64,18,0,89.07,66,54.1,1341,11,13,7,15,0,0,0,12,0,0,0,0,0,98,0,652,5,0,0.0,30,51.72,24,67,5,3,7,3,1,0.0,0,0,,1,0,0,6.99,Jonathan Villagra,Colo-Colo,1014795,3155
0,2,0,4,80.0,4,100.0,0,0.0,0,0,73.56,8,88.89,1260,4,0,0,14,44,35,9,17,1,6,11,3,12,19,0,320,2,0,0.0,88,44.22,0,9,1,0,0,0,0,0.0,0,0,,3,3,0,6.99,Omar Carabalí,O'Higgins,831242,3163
1,3,0,29,48.33,10,52.63,5,71.43,17,1,81.85,39,49.37,1017,7,9,8,13,0,0,0,15,2,0,0,0,0,90,1,514,6,3,42.86,47,56.63,10,30,12,0,6,2,1,16.67,1,0,,0,3,0,6.99,Claudio Sepúlveda,Huachipato,249373,3164
1,0,0,17,60.71,27,56.25,0,0.0,11,0,84.74,44,57.89,837,6,5,2,10,0,0,0,12,1,0,0,0,0,33,0,311,0,0,0.0,37,50.0,10,71,3,0,2,1,0,50.0,0,0,,0,0,0,6.99,Lucas Alarcón,Deportes La Serena,906100,5031
1,2,0,45,53.57,35,54.69,5,55.56,30,0,85.58,80,54.05,1185,10,15,5,14,0,0,0,12,0,0,0,0,0,106,1,659,4,3,25.0,49,47.57,7,56,16,0,13,4,2,7.69,0,0,,0,0,0,6.99,Joaquín Sosa,Colo-Colo,1015274,3155
1,5,0,41,56.16,6,33.33,7,77.78,27,0,87.1,47,51.65,897,7,16,4,13,0,0,0,12,4,0,0,0,0,78,0,351,3,2,40.0,22,56.41,8,14,10,1,16,4,4,6.25,1,2,,0,0,0,6.98,Cristhofer Mesías,Universidad de Concepción,939997,5034
2,2,0,15,48.39,8,57.14,2,33.33,2,0,64.41,23,51.11,335,11,3,7,9,0,0,0,1,1,0,0,0,0,8,2,38,3,1,50.0,1,50.0,1,2,2,0,5,3,0,40.0,0,2,,0,1,0,6.98,Nicolás Montiel,Everton de Viña del Mar,1864232,5032
1,3,1,38,55.88,15,41.67,2,33.33,28,3,82.74,53,50.96,797,8,16,6,13,0,0,0,12,1,0,0,0,0,95,1,417,9,1,14.29,27,41.54,14,19,5,0,5,3,0,20.0,1,2,,0,0,0,6.98,Julián Fernández,Palestino,334027,3157
1,2,0,23,52.27,4,28.57,2,50.0,21,2,79.05,27,46.55,631,0,5,3,8,0,0,0,5,2,0,0,0,0,40,2,200,9,8,30.77,15,35.71,3,23,13,0,3,1,0,33.33,0,1,,0,1,0,6.98,Nelson Guillermo Guaiquil,Huachipato,1117091,3164
0,2,0,20,48.78,2,25.0,6,66.67,9,1,86.76,22,44.9,460,5,5,10,8,0,0,0,4,2,0,0,0,0,58,3,236,11,7,18.42,14,58.33,2,5,4,0,0,0,0,0.0,0,0,,0,0,0,6.98,Fernando Zuqui,Universidad Católica,284729,3151
0,0,0,10,50.0,12,66.67,3,50.0,7,1,86.7,22,57.89,331,0,2,2,9,0,0,0,3,0,0,0,0,0,52,1,202,3,1,16.67,6,60.0,5,10,3,0,7,1,3,0.0,0,1,,0,0,0,6.98,Erick Wiemberg,Colo-Colo,973993,3155
0,0,0,9,50.0,2,40.0,3,75.0,4,0,80.95,11,47.83,275,2,3,3,4,0,0,0,0,2,0,0,0,0,22,1,85,2,1,11.11,8,80.0,2,6,2,1,1,0,0,0.0,1,0,,0,0,0,6.98,Diego Vargas,Universidad de Chile,1482432,3161
0,0,0,10,58.82,2,50.0,2,50.0,7,0,84.81,12,57.14,227,1,2,1,4,0,0,0,2,1,0,0,0,0,5,0,67,0,0,0.0,2,40.0,1,6,3,0,0,0,0,0.0,0,0,,0,0,0,6.98,Nicolás L'Huiller,Universidad Católica,1981780,3151
1,2,1,59,56.73,9,50.0,17,80.95,31,1,73.44,68,55.74,1009,11,17,12,14,0,0,0,14,1,0,0,0,0,106,2,365,14,8,36.36,52,53.06,8,13,13,1,19,6,1,5.26,0,1,,1,0,0,6.97,Federico Mateos,Audax Italiano,986532,3162
0,2,0,1,100.0,2,100.0,1,100.0,0,0,69.62,3,100.0,270,0,0,0,3,4,2,2,3,0,1,1,2,1,10,0,55,0,0,0.0,25,51.02,0,5,0,0,0,0,0,0.0,0,0,,0,0,0,6.97,Sebastián Mella,Huachipato,1657110,3164
2,1,0,24,53.33,7,53.85,9,60.0,9,1,69.63,31,53.45,444,6,6,5,11,0,0,0,6,0,0,0,0,0,54,3,94,9,8,25.81,5,83.33,6,6,5,0,12,4,5,16.67,0,0,,0,0,1,6.96,Alejandro Azócar,Coquimbo Unido,1108027,3165
0,5,0,42,53.85,12,57.14,8,80.0,29,0,87.22,54,54.55,742,5,20,6,13,0,0,0,11,3,0,0,0,0,105,0,430,10,2,25.0,20,54.05,9,6,8,0,6,0,2,0.0,0,2,,0,0,0,6.96,Jhojan Valencia,Universidad Católica,819115,3151
0,4,1,36,45.57,63,70.79,13,56.52,16,1,74.0,99,58.93,1041,7,20,10,12,0,0,0,11,0,0,0,0,0,111,3,387,12,10,25.0,30,46.15,25,39,4,5,21,7,5,0.0,1,0,,0,0,0,6.96,Francisco Salinas,Coquimbo Unido,986548,3165
0,2,0,13,48.15,36,63.16,1,100.0,11,0,78.25,49,58.33,1169,1,10,0,13,0,0,0,9,1,0,0,0,0,36,0,367,3,0,0.0,50,46.73,13,89,5,0,5,1,2,0.0,0,0,,0,0,0,6.95,Diego Oyarzún,Everton de Viña del Mar,339891,5032
1,2,0,23,48.94,5,50.0,7,63.64,11,1,75.09,28,49.12,533,5,8,7,10,0,0,0,4,1,0,0,0,0,85,1,202,14,6,27.27,23,60.53,6,7,6,2,17,2,2,5.88,0,0,,0,1,0,6.95,Agustín Arce,Universidad de Chile,1388813,3161
0,4,0,30,62.5,13,65.0,5,71.43,15,1,86.43,43,63.24,649,10,6,4,12,0,0,0,12,2,0,0,0,0,52,0,312,2,0,0.0,21,63.64,7,17,6,0,2,0,0,0.0,0,0,,0,2,0,6.95,Bryan Ogaz,Universidad de Concepción,986462,5034
1,1,0,20,51.28,1,50.0,0,0.0,13,0,90.44,21,51.22,393,7,7,4,9,0,0,0,9,1,0,0,0,0,56,0,227,0,1,50.0,26,78.79,6,4,6,0,7,1,1,14.29,0,0,,0,1,0,6.94,Mario Sandoval,Deportes Concepción,991004,3160
1,4,1,53,60.92,3,42.86,8,66.67,25,1,78.54,56,59.57,1162,20,7,14,14,0,0,0,17,2,0,0,0,0,115,2,399,22,15,35.71,45,52.94,10,14,9,1,34,12,7,2.94,3,1,,0,4,0,6.94,Sebastián Gallegos,Palestino,116096,3157
3,2,0,40,46.51,4,25.0,15,51.72,16,2,81.97,44,43.14,531,9,14,17,10,0,0,0,5,0,0,0,0,0,84,3,200,10,5,35.71,0,0.0,0,2,2,0,20,9,4,15.0,0,0,,0,1,0,6.94,Lautaro Pastrán,Colo-Colo,1199243,3155
0,7,0,42,60.0,8,38.1,8,47.06,22,2,77.38,50,54.95,794,12,13,3,10,0,0,0,5,0,0,0,0,0,94,3,260,19,18,25.71,21,37.5,11,19,4,0,13,5,4,0.0,1,0,,0,1,0,6.94,Marcelo Morales,Universidad de Chile,1087387,3161
0,4,1,18,58.06,18,58.06,1,100.0,13,0,76.67,36,58.06,914,4,10,1,11,0,0,0,7,2,0,0,0,0,38,0,299,2,3,50.0,41,41.84,13,70,2,0,2,0,0,0.0,0,0,,0,1,0,6.94,Sebastián Valencia,Ñublense,863129,7029
1,0,0,22,61.11,2,33.33,3,75.0,16,0,85.71,24,57.14,395,3,4,6,6,0,0,0,8,1,0,0,0,0,48,0,162,2,1,16.67,16,76.19,6,9,3,0,8,1,3,12.5,1,1,,0,0,0,6.93,Vicente Zenteno,Audax Italiano,2456839,3162
0,1,0,10,47.62,7,70.0,3,100.0,4,0,81.37,17,54.84,410,5,4,5,6,0,0,0,5,1,0,0,0,0,30,1,131,8,10,45.45,6,40.0,4,9,2,0,1,0,0,0.0,0,0,,0,0,0,6.93,Tomás Asta-Buruaga,Universidad Católica,386220,3151
2,1,0,34,53.13,14,45.16,9,42.86,12,2,64.48,48,50.53,785,13,4,7,11,0,0,0,10,1,0,0,0,0,58,2,118,18,14,34.15,8,61.54,2,3,7,3,25,7,4,8.0,0,5,,0,0,0,6.93,César Munder,Palestino,931341,3157
0,2,0,3,42.86,8,88.89,1,100.0,0,0,62.24,11,68.75,1350,3,1,0,15,42,19,23,15,4,14,9,13,10,27,1,211,1,0,0.0,100,44.25,0,25,3,0,0,0,0,0.0,0,0,,2,0,0,6.93,Nicola Pérez,Ñublense,47441,7029
1,1,0,39,60.94,12,52.17,8,57.14,22,2,74.45,51,58.62,957,9,8,4,12,0,0,0,14,0,0,0,0,0,70,2,239,11,8,32.0,22,46.81,8,39,7,0,6,2,3,16.67,0,0,,0,0,0,6.93,Ian Garguez,Palestino,1797934,3157
0,1,0,10,41.67,24,63.16,1,20.0,6,0,82.18,34,54.84,662,3,8,1,8,0,0,0,9,0,0,0,0,0,27,0,226,1,0,0.0,41,64.06,8,59,1,0,3,1,0,0.0,0,0,,0,0,0,6.93,Enzo Roco,Palestino,105971,3157
0,3,1,36,61.02,47,78.33,3,75.0,29,0,81.26,83,69.75,1078,4,13,1,12,0,0,0,14,0,0,0,0,0,25,0,360,3,3,75.0,32,42.11,17,92,9,0,4,0,1,0.0,0,0,,1,0,0,6.93,Benjamín Gazzolo,Coquimbo Unido,986451,3165
2,2,0,48,52.17,11,44.0,16,57.14,21,1,70.18,59,50.43,797,11,9,19,13,0,0,0,11,0,0,0,0,0,85,3,200,17,9,40.91,6,42.86,5,6,4,4,33,8,7,6.06,0,2,,0,1,0,6.92,Martín Sarrafiore,O'Higgins,789677,3163
1,0,0,26,49.06,3,17.65,10,52.63,10,1,62.96,29,41.43,605,6,5,6,13,0,0,0,9,1,0,0,0,0,54,2,102,10,13,30.95,7,28.0,3,18,7,0,8,2,2,12.5,0,0,,0,1,0,6.92,Joaquín Montecinos,Deportes Limache,986599,331131
3,1,0,57,47.11,5,26.32,21,42.86,11,1,76.99,62,44.29,1176,25,7,24,14,0,0,0,20,3,0,0,0,0,118,1,251,17,5,9.26,15,71.43,7,0,5,0,40,14,12,7.5,0,7,,0,1,0,6.91,Julián Brea,Cobresal,974736,3167
0,1,0,26,46.43,10,47.62,7,46.67,7,0,82.91,36,46.75,986,12,5,7,11,0,0,0,8,1,0,0,0,0,119,0,456,9,3,20.0,30,48.39,18,26,10,0,5,1,1,0.0,0,0,,0,0,0,6.91,Benjamín Berríos,Everton de Viña del Mar,886912,5032
1,2,0,40,59.7,12,63.16,12,60.0,21,1,79.17,52,60.47,791,7,7,6,13,0,0,0,10,1,0,0,0,0,103,1,304,17,10,20.41,32,50.0,7,22,6,0,13,5,3,7.69,0,0,,0,1,0,6.91,Jason León,Palestino,1017320,3157
0,0,0,0,0.0,0,0.0,0,0.0,0,0,66.67,0,0.0,9,0,0,0,1,2,0,2,0,0,0,0,0,0,0,0,2,0,0,0.0,1,50.0,0,0,0,0,0,0,0,0.0,0,0,,0,0,0,6.9,Vicente Villegas,Coquimbo Unido,1981736,3165
0,0,0,3,100.0,0,0.0,0,0.0,3,0,85.71,3,100.0,12,0,0,0,1,0,0,0,0,0,0,0,0,0,2,0,6,1,0,0.0,0,0.0,0,0,0,0,0,0,0,0.0,0,0,,0,0,0,6.9,Benjamin Moreno,Cobresal,1835777,3167
0,0,0,10,83.33,2,28.57,1,100.0,4,0,83.58,12,63.16,178,5,2,0,4,0,0,0,3,1,0,0,0,0,9,0,56,2,1,100.0,2,22.22,3,5,0,0,0,0,0,0.0,0,0,,0,0,0,6.9,Esteban Páez,Universidad de Concepción,2284219,5034
0,2,1,20,64.52,35,70.0,0,0.0,14,0,73.91,55,67.9,810,6,9,0,9,0,0,0,5,1,0,0,0,0,12,0,221,2,0,0.0,20,29.41,16,72,1,0,5,1,2,0.0,0,1,,0,1,0,6.9,Hugo Magallanes,Everton de Viña del Mar,976168,5032
0,1,0,3,100.0,4,100.0,0,0.0,1,0,77.8,7,100.0,1260,3,0,0,14,39,29,9,15,4,7,9,6,9,22,0,340,0,0,0.0,100,53.19,0,9,0,0,0,0,0,0.0,0,0,,1,2,0,6.9,Vicente Bernedo,Universidad Católica,1016653,3151
0,3,0,27,56.25,31,64.58,4,100.0,15,0,85.06,58,60.42,1326,9,10,7,15,0,0,0,19,1,0,0,0,0,81,1,615,5,4,26.67,69,53.91,11,72,5,0,7,0,2,0.0,0,1,,0,0,0,6.89,Daniel Piña,Audax Italiano,1177235,3162
0,1,1,9,52.94,19,65.52,0,0.0,8,0,86.08,28,60.87,616,1,2,3,9,0,0,0,7,2,0,0,0,0,63,0,340,4,0,0.0,22,45.83,7,35,2,0,0,0,0,0.0,0,0,,0,1,0,6.89,Fernando Meza,Palestino,33943,3157
0,4,0,58,61.05,7,33.33,9,40.91,31,1,82.71,65,56.03,1003,18,12,9,12,0,0,0,14,1,0,0,0,0,66,2,287,15,7,25.0,19,50.0,12,33,5,1,9,7,2,0.0,0,1,,0,3,0,6.88,Felipe Faúndez,O'Higgins,1482408,3163
1,1,0,28,46.67,22,59.46,2,20.0,21,0,82.1,50,51.55,972,6,13,3,11,0,0,0,9,2,0,0,0,0,53,0,376,4,1,25.0,27,50.94,23,20,9,0,1,1,0,100.0,0,0,,1,0,0,6.88,Ramón Martínez,Deportes Limache,874853,331131
2,3,0,19,44.19,1,25.0,9,52.94,6,3,73.46,20,42.55,513,4,4,5,10,0,0,0,10,0,0,0,0,0,72,3,119,14,9,27.27,9,50.0,0,4,7,2,8,3,2,25.0,0,2,,0,0,0,6.88,Cristián Zavala,Coquimbo Unido,973986,3165
7,1,1,16,40.0,45,48.39,5,62.5,6,2,61.66,61,45.86,981,5,12,8,14,0,0,0,13,2,0,0,0,0,48,1,119,8,0,0.0,1,33.33,1,16,2,9,43,17,6,16.28,2,6,,0,0,0,6.88,Nelson Da Silva,Palestino,883928,3157
0,0,0,0,0.0,4,100.0,0,0.0,0,0,68.97,4,80.0,810,0,0,0,9,24,16,8,13,1,3,2,4,2,18,0,160,0,0,0.0,64,47.06,0,6,1,0,0,0,0,0.0,0,0,,0,0,0,6.88,Matías Bórquez,Deportes Limache,874123,331131
1,5,0,26,66.67,46,66.67,3,50.0,11,0,87.68,72,66.67,1336,12,7,1,15,0,0,0,16,4,0,0,0,0,23,0,626,1,0,0.0,47,54.02,24,90,3,0,5,1,2,20.0,1,0,,1,1,0,6.87,Branco Ampuero,Universidad Católica,819088,3151
0,3,0,4,80.0,7,100.0,0,0.0,1,0,68.32,11,91.67,1350,3,1,0,15,47,26,20,19,2,11,13,3,14,37,0,289,0,0,0.0,115,46.56,0,19,0,0,0,0,0,0.0,0,0,,1,2,0,6.87,Sebastián Pérez,Palestino,842274,3157
2,0,0,33,47.14,7,31.82,7,38.89,13,0,83.14,40,43.48,841,13,10,12,14,0,0,0,9,0,0,0,0,0,109,1,365,9,6,26.09,22,52.38,4,10,4,0,15,6,2,13.33,0,2,,0,0,0,6.87,Álvaro Madrid,Colo-Colo,889502,3155
1,2,0,25,50.0,6,40.0,7,53.85,9,1,71.62,31,47.69,670,9,5,4,13,0,0,0,6,2,0,0,0,0,51,1,159,9,7,16.28,24,48.0,9,21,10,0,7,2,3,14.29,0,1,,0,0,0,6.87,Nicolás Baeza,Everton de Viña del Mar,862702,5032
1,2,0,49,55.06,1,25.0,14,51.85,16,0,88.73,50,53.76,598,19,5,13,12,0,0,0,8,2,0,0,0,0,73,0,189,14,5,18.52,11,78.57,5,3,9,0,13,7,5,7.69,1,3,,0,0,0,6.87,Ethan Espinoza,Deportes Concepción,986529,3160
0,0,0,5,71.43,4,50.0,1,100.0,3,0,67.16,9,60.0,225,1,1,1,3,0,0,0,2,0,0,0,0,0,11,0,45,0,1,16.67,3,21.43,1,14,0,0,0,0,0,0.0,0,0,,0,0,0,6.87,Dilan Varas,Deportes Concepción,1836788,3160
0,1,0,41,63.08,31,55.36,6,85.71,24,0,75.45,72,59.5,1039,11,13,2,14,0,0,0,18,1,0,0,0,0,50,0,375,0,0,0.0,62,42.76,16,99,8,1,1,1,0,0.0,0,0,,0,1,0,6.86,Rafael Delgado,Deportes La Serena,799653,5031
1,2,0,14,42.42,6,35.29,1,25.0,2,2,85.0,20,40.0,546,11,8,7,8,0,0,0,7,0,0,0,0,0,78,3,170,10,3,13.04,6,100.0,1,1,2,0,9,2,6,11.11,0,0,,0,0,1,6.86,Bryan Rabello,O'Higgins,126376,3163
1,2,0,54,57.45,14,41.18,17,60.71,23,2,78.99,68,53.13,1320,14,15,10,15,0,0,0,7,3,0,0,0,0,125,2,440,12,9,21.43,26,35.62,25,38,6,1,16,4,8,6.25,1,0,,0,2,0,6.86,Fabián Hormazábal,Universidad de Chile,818897,3161
1,1,0,35,43.21,7,43.75,2,25.0,27,0,80.57,42,43.3,1008,6,12,5,12,0,0,0,19,3,0,0,0,0,75,0,340,1,0,0.0,23,40.35,11,16,24,0,15,4,3,6.67,0,0,,0,0,0,6.86,Agustin Nadruz,Cobresal,873620,3167
0,0,0,4,100.0,2,100.0,0,0.0,1,0,74.05,6,100.0,720,3,0,0,8,22,15,7,10,1,8,2,4,2,4,0,117,1,0,0.0,25,38.46,1,9,0,0,0,0,0,0.0,0,0,,1,0,0,6.85,Nicolás Araya,Deportes Concepción,830940,3160
2,1,0,39,52.0,10,30.3,9,47.37,17,0,75.67,49,45.37,692,13,5,12,11,0,0,0,8,1,0,0,0,0,95,1,199,9,4,18.18,10,50.0,5,5,10,3,16,4,7,12.5,0,4,,0,0,0,6.85,Michael Vadulli,Audax Italiano,912067,3162
1,1,1,15,60.0,27,47.37,1,100.0,11,0,79.55,42,51.22,981,3,6,3,11,0,0,0,13,1,0,0,0,0,56,1,428,4,0,0.0,36,37.11,10,54,3,0,9,1,2,11.11,0,1,,0,1,1,6.85,Miguel Brizuela,O'Higgins,990283,3163
6,6,0,44,35.2,36,49.32,10,43.48,9,0,74.92,80,40.4,1177,25,26,38,14,0,0,0,21,5,0,0,0,0,109,2,239,20,1,50.0,20,80.0,0,13,9,3,49,15,14,12.24,1,9,,0,0,0,6.84,Steffan Pino,Cobresal,937101,3167
2,0,0,23,37.7,8,53.33,8,40.0,7,2,77.37,31,40.79,558,8,9,14,12,0,0,0,9,0,0,0,0,0,39,2,106,13,9,20.93,3,33.33,2,6,5,4,16,6,4,12.5,0,5,,0,0,0,6.84,Mario Briceño,Huachipato,845174,3164
6,4,0,21,41.18,35,46.67,3,60.0,8,1,70.7,56,44.44,1095,11,18,8,15,0,0,0,17,1,0,0,0,0,64,3,193,9,3,75.0,16,72.73,4,19,4,6,39,22,5,15.38,0,7,,0,0,0,6.84,Lionel Altamirano,Huachipato,323439,3164
3,2,0,46,46.46,29,55.77,5,29.41,21,3,70.87,75,49.67,960,21,21,14,13,0,0,0,12,1,0,0,0,0,82,2,219,12,2,12.5,4,44.44,6,13,7,3,26,8,9,11.54,1,3,,0,0,0,6.84,Diego Rubio,Deportes La Serena,147570,5031
0,0,0,11,45.83,14,60.87,0,0.0,11,1,81.58,25,53.19,484,0,4,0,6,0,0,0,5,2,0,0,0,0,17,1,186,1,1,25.0,25,55.56,2,24,6,0,2,1,0,0.0,0,1,,0,0,0,6.83,Daniel González,Universidad Católica,986496,3151
1,1,0,36,45.0,4,26.67,11,36.67,21,3,79.04,40,42.11,1121,4,11,9,13,0,0,0,14,0,0,0,0,0,109,4,313,21,13,30.95,18,52.94,11,21,6,0,16,3,6,6.25,1,4,,0,0,1,6.83,Esteban Matus,Audax Italiano,1177236,3162
2,0,0,16,47.06,4,26.67,4,33.33,3,0,71.79,20,40.82,380,9,0,6,10,0,0,0,7,1,0,0,0,0,42,0,84,8,1,25.0,3,23.08,3,5,4,0,10,6,2,20.0,0,1,,0,0,0,6.83,Nicolás Stefanelli,Deportes La Serena,582220,5031
2,0,0,19,55.88,10,40.0,6,85.71,4,0,78.29,29,49.15,494,9,6,8,11,0,0,0,4,1,0,0,0,0,41,1,119,6,0,0.0,7,63.64,4,4,0,1,13,5,1,15.38,0,1,,0,0,0,6.83,Gonzalo Tapia,Palestino,1125923,3157
1,2,0,51,56.67,5,29.41,15,53.57,16,2,74.75,56,52.34,880,20,7,14,14,0,0,0,14,2,0,0,0,0,96,1,228,18,9,24.32,16,41.03,5,10,5,1,25,7,9,4.0,0,0,,0,1,0,6.83,Agustín Urzi,Universidad de Concepción,965775,5034
1,1,0,42,52.5,16,53.33,5,25.0,31,1,80.68,58,52.73,1192,6,7,8,14,0,0,0,8,0,0,0,0,0,108,1,380,12,11,23.4,15,33.33,9,30,8,1,10,2,3,10.0,0,5,,0,0,0,6.83,Jeyson Rojas,Colo-Colo,1022259,3155
1,1,0,40,47.06,9,45.0,9,36.0,15,0,81.1,49,46.67,1163,16,12,11,14,0,0,0,17,2,0,0,0,0,85,1,382,8,3,25.0,24,45.28,12,16,9,0,12,1,4,8.33,0,0,,0,0,0,6.83,Santiago Silva,Huachipato,1381958,3164
1,1,1,34,56.67,13,76.47,1,25.0,28,0,81.99,47,61.04,589,5,12,3,11,0,0,0,14,1,0,0,0,0,51,0,223,3,0,0.0,13,46.43,16,16,11,0,3,1,2,33.33,0,0,,0,0,1,6.83,Sebastián Díaz,Deportes La Serena,844271,5031
0,1,0,2,100.0,12,92.31,0,0.0,0,0,68.0,14,93.33,720,2,0,0,8,25,13,12,9,2,11,4,6,4,12,0,136,0,0,0.0,47,43.12,0,12,0,0,0,0,0,0.0,0,0,,0,0,0,6.83,Christian Bravo,Huachipato,1482395,3164
0,1,0,21,46.67,4,44.44,2,40.0,18,1,85.99,25,46.3,733,1,7,1,13,0,0,0,7,1,0,0,0,0,63,0,270,7,0,0.0,30,63.83,13,20,14,0,7,1,2,0.0,0,0,,0,1,0,6.82,Nicolás Meza,Palestino,1064150,3157
0,3,1,45,63.38,15,39.47,5,100.0,36,0,81.21,60,55.05,1058,4,9,4,13,0,0,0,16,0,0,0,0,0,89,0,402,2,0,0.0,45,52.33,17,42,15,0,6,0,3,0.0,0,0,,0,0,0,6.82,Francis Mac Allister,Deportes La Serena,1089454,5031
2,4,0,43,46.74,6,50.0,24,55.81,8,2,84.58,49,47.12,694,11,12,11,14,0,0,0,11,0,0,0,0,0,86,2,214,15,1,7.69,8,66.67,1,1,7,0,17,5,6,11.76,0,1,,0,0,0,6.82,Leandro Hernández,Colo-Colo,1601711,3155
0,1,0,48,52.17,12,48.0,5,45.45,34,2,82.87,60,51.28,1069,9,18,10,14,0,0,0,5,2,0,0,0,0,113,0,479,8,5,29.41,19,45.24,15,17,11,0,8,3,4,0.0,0,2,,0,0,0,6.82,Israel Poblete,Universidad de Chile,589542,3161
0,1,0,17,53.13,2,50.0,6,60.0,6,1,89.43,19,52.78,413,5,3,5,10,0,0,0,4,0,0,0,0,0,58,1,203,9,4,26.67,9,60.0,1,3,3,0,9,1,5,0.0,0,2,,0,0,0,6.82,Pablo Parra,Universidad de Concepción,973567,5034
0,0,0,22,47.83,6,50.0,7,36.84,9,1,76.34,28,48.28,268,6,10,3,10,0,0,0,1,0,0,0,0,0,48,3,100,7,6,30.0,9,56.25,5,4,1,1,11,3,3,0.0,1,0,,0,0,0,6.82,Alex Valdés,Ñublense,1197415,7029
1,2,0,18,50.0,28,52.83,1,50.0,9,0,84.91,46,51.69,990,8,8,1,11,0,0,0,12,3,0,0,0,0,31,0,512,1,0,0.0,33,40.74,16,47,8,0,12,3,3,8.33,0,1,,0,1,0,6.82,Rodrigo Caseres,Unión La Calera,1108449,48242
0,0,0,30,68.18,16,57.14,4,80.0,25,0,77.97,46,63.89,834,1,3,2,11,0,0,0,12,4,0,0,0,0,48,0,230,4,2,22.22,22,38.6,14,42,7,0,2,0,1,0.0,1,1,,0,0,0,6.82,Felipe Campos,Ñublense,333405,7029
1,2,1,7,46.67,16,53.33,0,0.0,6,0,74.44,23,51.11,582,1,6,1,12,0,0,0,4,1,0,0,0,0,20,0,166,2,0,0.0,15,31.91,3,29,2,0,3,1,1,33.33,0,0,,0,0,0,6.82,Diego Céspedes,Ñublense,973992,7029
0,2,0,50,52.08,28,63.64,16,55.17,17,1,82.16,78,55.71,1163,17,17,8,14,0,0,0,9,0,0,0,0,0,100,1,373,6,8,14.04,11,37.93,13,31,9,1,8,1,3,0.0,0,1,,0,1,0,6.81,Diego Ulloa,Colo-Colo,1176822,3155
0,0,0,17,65.38,5,31.25,3,60.0,9,0,75.68,22,52.38,501,5,6,1,7,0,0,0,10,0,0,0,0,0,35,1,140,10,5,27.78,15,51.72,9,12,1,0,4,0,3,0.0,0,0,,0,0,1,6.81,Raimundo Rebolledo,Audax Italiano,804983,3162
1,0,0,14,51.85,9,64.29,0,0.0,11,0,83.33,23,56.1,488,3,5,1,9,0,0,0,14,1,0,0,0,0,49,0,220,2,1,25.0,15,50.0,6,7,5,1,5,1,1,20.0,1,0,,0,0,0,6.81,César Fuentes,Deportes Limache,247073,331131
0,3,0,16,64.0,29,60.42,2,66.67,13,0,83.38,45,61.64,731,1,6,0,9,0,0,0,11,2,0,0,0,0,18,0,316,1,0,0.0,35,47.3,8,77,3,1,4,0,0,0.0,1,0,,0,0,0,6.81,Nicolás Garrido,O'Higgins,1002945,3163
1,1,0,37,48.68,6,40.0,3,50.0,17,2,77.8,43,47.25,873,17,21,7,14,0,0,0,9,2,0,0,0,0,112,3,319,9,12,32.43,17,45.95,11,7,10,0,12,3,3,8.33,1,0,,0,1,0,6.81,Jimmy Martínez,Universidad Católica,588796,3151
4,6,0,54,44.63,34,40.48,19,55.88,14,0,73.56,88,42.93,1108,22,29,23,15,0,0,0,19,1,0,0,0,0,76,0,217,10,4,50.0,6,60.0,8,16,2,3,24,16,4,16.67,0,5,,0,0,0,6.81,Felipe Chamorro,Deportes La Serena,1063335,5031
3,0,1,16,35.56,34,41.98,5,38.46,3,1,77.61,50,39.68,964,8,8,12,11,0,0,0,16,4,0,0,0,0,65,1,156,6,3,100.0,5,55.56,1,13,3,4,32,17,9,9.38,0,7,,0,0,0,6.8,Cecilio Waterman,Universidad de Concepción,159931,5034
0,0,0,0,0.0,0,0.0,0,0.0,0,1,86.67,0,0.0,45,0,0,0,1,0,0,0,0,0,0,0,0,0,3,1,13,1,0,0.0,1,50.0,0,0,0,0,1,0,0,0.0,0,0,,0,0,0,6.8,Joe Abrigo,Palestino,868786,3157
0,0,0,5,62.5,0,0.0,2,66.67,1,0,81.82,5,55.56,78,2,1,2,1,0,0,0,0,0,0,0,0,0,9,0,27,3,0,0.0,2,100.0,1,0,0,0,0,0,0,0.0,0,0,,0,0,0,6.8,Elias Rojas,Universidad de Chile,2115322,3161
0,0,0,0,0.0,1,100.0,0,0.0,0,0,75.0,1,50.0,53,0,0,0,1,0,0,0,1,0,0,0,0,0,4,0,42,0,0,0.0,5,35.71,1,3,1,0,0,0,0,0.0,0,0,,0,0,0,6.8,Benjamín Mellado,Huachipato,1836787,3164
0,0,0,1,50.0,1,33.33,1,100.0,0,0,63.64,2,40.0,45,0,0,0,1,0,0,0,2,0,0,0,0,0,3,0,7,0,0,0.0,3,75.0,0,1,1,0,0,0,0,0.0,0,0,,0,0,0,6.8,Martín Valdés,Audax Italiano,1879799,3162
0,1,0,26,61.9,12,66.67,2,40.0,15,0,73.43,38,63.33,490,10,6,3,8,0,0,0,11,0,0,0,0,0,36,0,152,4,1,16.67,12,37.5,5,16,4,0,7,1,3,0.0,0,1,,0,0,0,6.8,Yonathan Rodríguez,Deportes Concepción,1197454,3160
0,0,0,1,100.0,2,66.67,0,0.0,0,0,69.47,3,75.0,790,1,0,0,9,13,6,7,5,0,11,1,4,1,4,0,157,0,0,0.0,43,39.81,0,5,0,0,0,0,0,0.0,0,0,,0,0,0,6.79,Fernando de Paul,Colo-Colo,818874,3155
2,1,0,32,48.48,12,44.44,18,56.25,10,2,74.85,44,47.31,1044,4,8,6,15,0,0,0,6,0,0,0,0,0,113,4,247,16,20,38.46,9,42.86,4,11,6,0,26,10,10,7.69,0,0,,0,1,0,6.79,Maximiliano Guerrero,Universidad de Chile,906105,3161
0,2,0,3,100.0,2,100.0,0,0.0,1,0,72.77,5,100.0,1350,2,0,0,15,44,28,14,20,1,7,10,3,10,11,0,350,1,0,0.0,78,37.86,0,15,0,0,0,0,0,0.0,0,0,,0,1,0,6.79,Tomás Ahumada,Audax Italiano,975882,3162
0,2,0,31,59.62,55,57.89,0,0.0,22,0,90.6,86,58.5,1350,9,9,2,15,0,0,0,20,2,0,0,0,0,28,0,501,2,0,0.0,25,67.57,26,107,11,3,11,3,0,0.0,0,1,,0,2,0,6.79,Rafael Caroca,Huachipato,36995,3164
0,1,0,0,0.0,3,100.0,0,0.0,0,0,73.03,3,100.0,630,0,0,0,7,23,16,7,11,1,10,2,3,2,5,0,111,0,0,0.0,26,39.39,0,7,0,0,0,0,0,0.0,0,0,,0,1,0,6.79,César Dutra,Deportes Concepción,158269,3160
1,1,0,23,44.23,0,0.0,2,22.22,6,1,77.78,23,40.35,791,15,7,9,13,0,0,0,11,1,0,0,0,0,87,1,231,15,13,22.81,20,46.51,1,3,6,0,14,4,3,7.14,1,3,,0,0,0,6.78,Leonardo Valencia,Deportes Concepción,790010,3160
0,2,0,14,46.67,4,100.0,2,50.0,8,0,73.01,18,52.94,394,4,5,2,6,0,0,0,5,0,0,0,0,0,34,3,119,8,9,21.95,20,47.62,5,14,8,0,2,0,0,0.0,1,1,,0,0,0,6.78,Sebastián Cabrera,Coquimbo Unido,974008,3165
0,0,0,24,54.55,1,33.33,11,52.38,6,2,79.89,25,53.19,744,7,1,5,11,0,0,0,9,2,0,0,0,0,106,0,302,11,7,29.17,29,63.04,6,7,4,3,11,4,3,0.0,0,1,,1,0,0,6.78,César Yanis,Cobresal,1021117,3167
2,4,0,22,34.92,59,62.11,4,28.57,14,2,66.67,81,51.27,969,4,17,10,14,0,0,0,10,3,0,0,0,0,93,1,218,12,10,25.0,4,30.77,4,24,10,2,25,8,4,8.0,0,4,,0,0,0,6.78,Gabriel Graciani,Ñublense,584418,7029
1,1,0,21,52.5,7,35.0,2,28.57,16,0,81.3,28,46.67,666,3,9,2,14,0,0,0,10,2,0,0,0,0,62,0,213,4,0,0.0,10,43.48,5,15,3,0,5,3,0,20.0,0,0,,0,0,0,6.78,Misael Llantén,Deportes Limache,863124,331131
0,2,0,20,55.56,38,74.51,1,50.0,16,0,72.82,58,66.67,636,4,10,2,9,0,0,0,9,1,0,0,0,0,22,0,209,1,0,0.0,24,36.92,19,52,3,0,0,0,0,0.0,0,0,,0,0,0,6.78,Andrés Zanini,Deportes La Serena,872138,5031
1,5,1,26,53.06,42,63.64,1,50.0,19,0,85.07,68,59.13,1011,6,15,3,12,0,0,0,15,0,0,0,0,0,34,0,376,1,0,0.0,28,50.91,18,71,4,1,4,2,1,25.0,0,0,,0,2,0,6.78,Manuel Fernández,Coquimbo Unido,889498,3165
0,4,0,27,55.1,5,33.33,5,71.43,14,1,82.89,32,50.0,521,8,4,10,8,0,0,0,3,2,0,0,0,0,50,1,252,4,1,25.0,20,51.28,8,14,7,0,4,0,0,0.0,0,0,,0,0,0,6.78,Lucas Barrera,Universidad de Chile,2184978,3161
0,1,0,6,60.0,4,57.14,0,0.0,6,0,77.33,10,58.82,172,0,2,0,4,0,0,0,3,0,0,0,0,0,11,0,58,4,2,40.0,2,28.57,1,11,2,0,1,0,1,0.0,0,0,,0,0,0,6.78,Antonio Ceza,Palestino,1116992,3157
0,0,0,20,57.14,2,66.67,12,60.0,4,1,82.24,22,57.89,551,4,1,7,11,0,0,0,2,2,0,0,0,0,86,1,176,9,3,21.43,7,70.0,4,1,0,0,14,4,3,0.0,0,0,,0,0,0,6.77,Lucas Assadi,Universidad de Chile,1002939,3161
0,2,0,10,38.46,5,38.46,1,25.0,5,0,78.57,15,38.46,397,4,7,2,7,0,0,0,4,1,0,0,0,0,41,0,132,9,7,35.0,13,46.43,3,12,4,0,1,0,1,0.0,0,0,,0,0,0,6.77,Bernardo Cerezo,Universidad Católica,818693,3151
5,2,0,28,44.44,27,40.3,8,40.0,11,1,69.64,55,42.31,956,9,7,14,13,0,0,0,7,2,0,0,0,0,66,1,156,9,1,50.0,9,56.25,3,5,4,2,21,8,2,23.81,0,8,,0,0,0,6.77,Eduardo Vargas,Universidad de Chile,37006,3161
2,1,0,10,41.67,5,31.25,2,50.0,3,0,81.82,15,37.5,307,5,2,6,9,0,0,0,7,0,0,0,0,0,14,0,45,4,1,33.33,1,100.0,0,3,4,2,13,4,3,15.38,1,1,,0,0,0,6.77,Franco Frías,Cobresal,1086986,3167
0,3,0,45,47.87,9,39.13,6,50.0,29,0,78.82,54,46.15,1192,10,13,10,15,0,0,0,13,4,0,0,0,0,116,0,402,7,7,33.33,28,51.85,12,20,23,0,15,4,6,0.0,0,0,,0,0,0,6.77,Manuel Rivera,Ñublense,951278,7029
1,3,0,19,48.72,2,40.0,5,45.45,7,0,81.47,21,47.73,550,7,3,2,8,0,0,0,8,1,0,0,0,0,40,0,189,5,3,23.08,12,41.38,11,7,9,0,7,2,2,14.29,0,0,,0,1,1,6.76,César Pinares,Deportes Limache,818974,331131
2,3,0,62,46.27,3,15.79,21,41.18,16,0,76.74,65,42.48,1225,25,14,22,15,0,0,0,20,4,0,0,0,0,151,2,363,24,17,28.81,19,45.24,7,6,10,1,23,8,7,8.7,1,3,,0,0,0,6.76,Jeison Fuentealba,Universidad de Concepción,1106828,5034
0,1,0,14,38.89,1,25.0,3,33.33,5,2,81.85,15,37.5,576,6,4,7,10,0,0,0,9,0,0,0,0,0,66,2,203,11,11,36.67,21,61.76,4,3,5,0,5,2,2,0.0,1,1,,0,0,0,6.76,Nicolás Aedo,Audax Italiano,1083863,3162
0,0,0,14,51.85,3,42.86,2,50.0,9,0,78.45,17,50.0,348,3,1,4,5,0,0,0,4,0,0,0,0,0,19,1,91,7,4,23.53,3,33.33,2,8,6,0,0,0,0,0.0,0,0,,0,0,0,6.76,Sebastián Arancibia,Universidad Católica,2058867,3151
0,1,0,19,79.17,3,25.0,6,75.0,7,0,81.82,22,61.11,303,6,3,1,6,0,0,0,6,1,0,0,0,0,26,0,90,5,2,66.67,12,57.14,4,20,0,0,0,0,0,0.0,0,0,,0,0,0,6.76,Benjamín Rojas,O'Higgins,985004,3163
2,5,0,48,47.06,9,42.86,10,50.0,19,0,78.25,57,46.34,857,19,28,7,14,0,0,0,11,1,0,0,0,0,60,1,223,6,1,25.0,15,41.67,6,10,12,0,13,3,4,15.38,0,0,,0,0,0,6.76,Francisco Montes,Palestino,1797930,3157
3,0,2,24,40.0,14,56.0,7,36.84,6,4,71.33,38,44.71,700,11,14,9,11,0,0,0,7,2,0,0,0,0,46,5,107,9,5,15.63,3,27.27,6,8,3,3,21,9,5,14.29,0,6,,0,0,0,6.75,Clemente Montes,Universidad Católica,995388,3151
0,3,0,78,48.15,12,42.86,24,38.71,32,1,77.66,90,47.37,1350,22,14,21,15,0,0,0,22,4,0,0,0,0,146,4,452,22,0,0.0,22,48.89,18,33,11,3,24,5,5,0.0,0,0,,0,0,0,6.75,Facundo Mater,Universidad de Concepción,896753,5034
0,1,0,8,66.67,3,100.0,0,0.0,6,0,89.19,11,73.33,162,2,1,1,2,0,0,0,4,0,0,0,0,0,8,0,66,0,0,0.0,3,37.5,3,3,2,0,3,0,1,0.0,0,0,,0,0,0,6.75,Mauricio Vera,Deportes Concepción,1022801,3160
0,1,0,22,47.83,1,100.0,10,47.62,10,0,78.45,23,48.94,342,2,7,3,10,0,0,0,7,1,0,0,0,0,32,0,91,3,5,16.67,8,57.14,3,4,3,1,4,2,1,0.0,0,0,,0,0,0,6.75,Carlos Morales,Deportes Limache,1125514,331131
5,0,0,12,46.15,15,36.59,4,40.0,4,1,73.5,27,40.3,940,4,4,3,14,0,0,0,5,0,0,0,0,0,39,1,86,6,0,0.0,3,100.0,2,5,2,3,20,13,2,25.0,0,7,,0,0,0,6.74,Maximiliano Romero,Colo-Colo,792585,3155
1,4,0,21,28.77,1,8.33,8,36.36,10,1,69.39,22,25.88,544,3,8,20,10,0,0,0,5,0,0,0,0,0,71,2,136,12,8,27.59,12,66.67,3,2,10,1,12,4,2,8.33,0,1,,0,0,0,6.74,Ignacio Tapia,Ñublense,1118269,7029
1,5,0,51,75.0,12,60.0,2,40.0,28,1,76.41,63,71.59,1209,21,7,3,15,0,0,0,21,2,0,0,0,0,54,3,230,8,3,33.33,15,30.61,10,54,4,0,5,1,3,20.0,0,0,,0,0,0,6.74,Bruno Gutiérrez,Deportes La Serena,1002931,5031
0,1,0,15,48.39,6,75.0,4,36.36,4,0,77.03,21,53.85,226,7,1,6,5,0,0,0,5,0,0,0,0,0,19,0,57,0,0,0.0,0,0.0,1,1,2,0,7,2,3,0.0,0,1,,0,0,0,6.74,Renato Huerta,Cobresal,1411683,3167
1,3,2,37,50.68,7,46.67,7,43.75,19,0,79.03,44,50.0,951,11,12,8,13,0,0,0,12,1,0,0,0,0,65,1,392,5,2,20.0,38,50.0,21,26,8,0,6,1,1,16.67,1,0,,0,1,0,6.74,Marco Collao,Audax Italiano,942156,3162
1,2,0,37,61.67,12,75.0,13,56.52,14,1,81.84,49,64.47,910,10,8,2,11,0,0,0,15,1,0,0,0,0,84,3,302,11,7,35.0,23,46.0,10,26,4,0,9,2,3,11.11,0,0,,1,0,0,6.74,Dilan Zúñiga,Palestino,339711,3157
5,1,0,15,32.61,29,48.33,1,16.67,7,0,65.38,44,41.51,808,7,7,15,14,0,0,0,8,0,0,0,0,0,60,3,119,15,0,0.0,7,87.5,1,4,5,3,26,9,5,19.23,1,3,,0,0,0,6.74,Nicolás Johansen,Coquimbo Unido,1643443,3165
3,2,0,23,43.4,13,35.14,10,62.5,2,0,75.31,36,40.0,730,11,15,9,14,0,0,0,11,0,0,0,0,0,43,0,122,4,0,0.0,8,72.73,2,3,3,5,29,11,9,10.34,1,7,,0,0,0,6.74,Franco Troyansky,Audax Italiano,859990,3162
1,5,0,24,53.33,45,71.43,5,62.5,13,0,82.23,69,63.89,1164,6,12,1,14,0,0,0,19,4,0,0,0,0,21,0,449,1,0,0.0,24,30.0,17,71,6,0,6,2,3,16.67,0,0,,1,0,0,6.74,Osvaldo González,Universidad de Concepción,47037,5034
1,2,0,32,61.54,8,72.73,7,77.78,17,2,78.08,40,63.49,700,8,7,7,15,0,0,0,12,0,0,0,0,0,60,1,228,7,2,10.53,14,40.0,5,17,5,0,4,2,1,25.0,1,0,,0,1,0,6.73,Maicol León,Huachipato,1108721,3164
1,2,0,24,63.16,21,53.85,3,60.0,15,0,82.49,45,58.44,1035,6,9,0,12,0,0,0,21,3,0,0,0,0,22,0,325,3,1,50.0,46,49.46,29,78,5,0,4,1,2,25.0,0,0,,0,1,0,6.73,José Tiznado,Cobresal,986622,3167
0,0,1,3,75.0,0,0.0,1,100.0,2,0,79.31,3,75.0,75,0,0,0,3,0,0,0,0,1,0,0,0,0,13,0,46,1,0,0.0,5,55.56,0,2,1,0,2,1,0,0.0,0,0,,0,0,0,6.73,Marcelo Díaz,Universidad de Chile,26480,3161
0,0,0,6,46.15,0,0.0,2,100.0,2,0,83.33,6,46.15,76,2,0,6,3,0,0,0,1,0,0,0,0,0,3,1,20,1,0,0.0,1,50.0,0,3,1,0,3,2,0,0.0,1,0,,0,0,0,6.73,José Ignacio Castro,Huachipato,1106831,3164
0,0,0,1,20.0,1,33.33,0,0.0,1,0,80.56,2,25.0,129,0,3,1,3,0,0,0,2,0,0,0,0,0,10,0,29,0,0,0.0,1,25.0,1,12,0,0,0,0,0,0.0,0,0,,0,0,0,6.73,Benjamín Sáez,Universidad de Concepción,2199269,5034
0,1,0,27,45.76,19,61.29,4,44.44,15,1,79.38,46,51.11,602,8,13,9,13,0,0,0,8,1,0,0,0,0,85,3,258,14,9,27.27,22,57.89,8,4,5,1,9,1,4,0.0,0,1,,0,0,0,6.73,Ezequiel Cañete,Huachipato,1017455,3164
0,2,0,10,55.56,12,60.0,0,0.0,7,0,88.77,22,57.89,422,3,7,1,8,0,0,0,6,1,0,0,0,0,14,0,166,0,0,0.0,7,63.64,4,32,1,0,0,0,0,0.0,0,0,,0,0,0,6.73,José Bizama,Palestino,805305,3157
1,1,0,21,47.73,6,66.67,7,46.67,7,0,70.67,27,50.94,474,7,6,3,11,0,0,0,2,0,0,0,0,0,39,1,106,6,1,14.29,7,46.67,3,5,6,4,11,5,2,9.09,0,1,,0,0,0,6.73,Martín Mundaca,Coquimbo Unido,1834686,3165
0,1,0,20,66.67,16,47.06,0,0.0,12,0,85.77,36,56.25,967,8,1,3,11,0,0,0,13,0,0,0,0,0,18,0,410,0,0,0.0,32,49.23,8,50,6,0,0,0,0,0.0,0,0,,0,2,0,6.73,Nicolás Palma,Unión La Calera,1125257,48242
1,2,0,9,42.86,1,25.0,3,60.0,3,2,80.0,10,40.0,287,3,6,4,8,0,0,0,5,1,0,0,0,0,29,2,52,5,3,21.43,3,100.0,0,1,1,1,6,2,1,16.67,0,0,,0,0,0,6.73,Diego Corral,Universidad Católica,1473023,3151
0,2,0,0,0.0,0,0.0,0,0.0,0,0,80.21,0,0.0,360,0,0,0,4,11,6,5,8,0,4,2,2,2,4,0,77,0,0,0.0,25,56.82,0,5,0,0,0,0,0,0.0,0,0,,0,1,0,6.73,Rodrigo Odriozola,Huachipato,920957,3164
2,0,0,13,29.55,6,42.86,5,35.71,5,1,79.58,19,32.76,591,3,4,8,13,0,0,0,10,2,0,0,0,0,52,1,113,10,7,35.0,5,45.45,2,3,10,1,9,3,3,22.22,0,5,,0,0,0,6.72,Bryan Carrasco,Palestino,230054,3157
0,2,1,31,52.54,5,50.0,4,36.36,24,0,88.04,36,52.17,910,3,6,7,13,0,0,0,11,0,0,0,0,0,112,0,449,6,0,0.0,16,51.61,6,3,8,1,10,4,3,0.0,0,0,,0,0,0,6.72,Juan Leiva,O'Higgins,844183,3163
1,1,0,36,46.15,11,42.31,13,54.17,12,2,70.75,47,45.19,613,11,6,14,14,0,0,0,6,1,0,0,0,0,94,6,208,17,9,33.33,13,41.94,3,2,13,1,14,4,5,7.14,1,4,,1,0,0,6.72,Braian Martínez,Everton de Viña del Mar,1020255,5032
0,2,1,18,46.15,9,42.86,7,70.0,8,1,79.55,27,45.0,737,3,9,5,11,0,0,0,7,1,0,0,0,0,55,1,214,5,3,14.29,20,42.55,6,28,5,0,3,1,0,0.0,0,0,,0,0,0,6.72,Vicente Fernández,Everton de Viña del Mar,947963,5032
0,6,0,39,52.7,12,44.44,3,37.5,28,0,76.64,51,50.5,1246,8,17,10,14,0,0,0,14,3,0,0,0,0,112,1,328,9,13,26.0,17,28.81,9,42,7,0,3,1,1,0.0,0,1,,0,1,0,6.71,Jovany Campusano,Ñublense,986626,7029
4,1,1,14,33.33,56,49.12,3,50.0,1,0,64.73,70,44.87,1047,10,14,10,15,0,0,0,16,3,0,0,0,0,52,1,134,9,0,0.0,2,33.33,4,18,1,2,22,5,7,18.18,1,8,,0,1,0,6.71,Gonzalo Sosa,Deportes Limache,988084,331131
0,1,0,1,50.0,10,100.0,0,0.0,0,1,71.89,11,91.67,1350,1,0,0,15,40,21,18,18,4,16,13,4,13,18,1,353,1,0,0.0,124,48.25,0,14,1,0,1,0,0,0.0,0,0,,2,2,0,6.71,Nicolás Avellaneda,Unión La Calera,333465,48242
0,1,0,22,62.86,7,36.84,5,55.56,11,1,79.42,29,53.7,510,6,3,3,8,0,0,0,10,1,0,0,0,0,44,1,193,4,5,33.33,18,50.0,9,26,3,0,1,0,0,0.0,0,0,,0,0,0,6.71,Leandro Díaz,O'Higgins,975291,3163
0,1,0,32,53.33,1,14.29,11,42.31,14,1,78.86,33,49.25,392,7,5,4,9,0,0,0,6,0,0,0,0,0,36,1,97,4,5,19.23,3,33.33,4,3,5,0,8,2,2,0.0,0,0,,1,0,0,6.71,Matías Cavalleri,Deportes Concepción,924468,3160
1,3,0,28,56.0,22,64.71,6,75.0,13,0,81.14,50,59.52,843,9,17,3,11,0,0,0,13,2,0,0,0,0,26,0,284,2,2,66.67,27,42.19,10,50,1,2,10,2,2,10.0,1,0,,1,0,0,6.71,Fausto Grillo,Deportes Concepción,553508,3160
0,1,0,20,68.97,13,43.33,2,66.67,16,0,82.61,33,55.93,825,2,4,2,11,0,0,0,11,1,0,0,0,0,22,0,266,4,2,50.0,30,47.62,11,28,2,1,4,0,2,0.0,0,0,,0,1,0,6.71,Valentín Vidal,Everton de Viña del Mar,1385673,5032
3,2,0,24,42.86,1,8.33,8,36.36,9,0,75.24,25,36.76,824,7,5,9,12,0,0,0,7,0,0,0,0,0,71,1,155,13,5,29.41,9,52.94,1,1,4,2,14,6,2,21.43,0,4,,0,0,0,6.71,Guido Vadalá,Coquimbo Unido,376740,3165
4,2,0,6,20.69,22,43.14,3,60.0,1,1,68.75,28,35.0,520,3,10,9,13,0,0,0,13,2,0,0,0,0,29,0,77,6,0,0.0,3,60.0,3,3,4,2,18,10,5,22.22,0,2,,0,0,0,6.71,Thiago Vecino,O'Higgins,923802,3163
3,0,0,15,44.12,2,20.0,4,26.67,8,0,75.71,17,38.64,384,3,3,4,10,0,0,0,4,1,0,0,0,0,26,0,53,7,0,0.0,1,50.0,5,3,1,0,6,3,1,50.0,0,3,,0,0,0,6.7,Vicente Álvarez,Deportes Limache,1801194,331131
1,0,0,20,42.55,12,46.15,8,66.67,8,3,72.36,32,43.84,649,4,7,10,14,0,0,0,9,0,0,0,0,0,56,1,144,10,1,9.09,2,15.38,3,6,6,5,17,4,1,5.88,0,3,,0,0,0,6.7,Luis Riveros,Coquimbo Unido,852143,3165
0,0,0,20,47.62,9,50.0,8,66.67,10,2,81.61,29,48.33,1182,2,6,2,15,0,0,0,20,3,0,0,0,0,119,2,364,15,12,26.67,24,40.68,9,38,10,0,7,0,4,0.0,0,4,,0,0,0,6.7,Yerco Oyanedel,Universidad de Concepción,906102,5034
0,0,0,2,66.67,1,100.0,1,100.0,0,0,66.67,3,75.0,28,1,0,1,1,0,0,0,0,0,0,0,0,0,1,0,4,1,0,0.0,0,0.0,0,1,0,0,0,0,0,0.0,0,1,,0,0,0,6.7,Vicente Ramírez,Universidad de Chile,2057322,3161
0,2,0,4,36.36,2,33.33,0,0.0,3,0,79.41,6,35.29,148,1,5,1,3,0,0,0,2,0,0,0,0,0,5,0,54,1,0,0.0,6,46.15,1,17,3,0,0,0,0,0.0,0,0,,0,0,0,6.7,Cristian Toro,Huachipato,988146,3164
0,1,0,18,66.67,8,53.33,2,50.0,12,0,78.45,26,61.9,293,4,6,1,4,0,0,0,3,1,0,0,0,0,21,0,91,0,0,0.0,7,41.18,1,13,2,0,2,0,0,0.0,0,0,,0,1,0,6.7,Vicente Vega,Everton de Viña del Mar,1216169,5032
0,0,0,2,33.33,1,50.0,0,0.0,1,0,90.0,3,37.5,62,1,1,1,5,0,0,0,0,0,0,0,0,0,11,0,27,0,0,0.0,2,50.0,1,1,1,0,0,0,0,0.0,0,0,,0,0,0,6.7,Nicolás Fernández,Universidad de Chile,889500,3161
0,0,0,3,50.0,5,41.67,0,0.0,3,0,83.72,8,44.44,298,0,1,0,5,0,0,0,6,1,0,0,0,0,8,0,108,2,0,0.0,11,50.0,1,31,2,0,1,0,1,0.0,0,0,,0,1,0,6.7,Ramiro González,Everton de Viña del Mar,886915,5032
0,3,0,11,42.31,14,77.78,0,0.0,10,0,80.09,25,56.82,440,1,9,1,12,0,0,0,6,0,0,0,0,0,48,0,181,3,0,0.0,8,50.0,2,11,3,0,5,1,3,0.0,0,0,,0,0,0,6.7,Dylan Glaby,Coquimbo Unido,981333,3165
0,0,0,21,53.85,4,50.0,4,57.14,16,1,88.64,25,53.19,811,1,5,3,15,0,0,0,10,1,0,0,0,0,71,1,359,5,1,12.5,18,62.07,11,10,7,0,7,1,1,0.0,1,0,,0,0,0,6.69,Joaquín Soto,Unión La Calera,1190022,48242
0,1,0,21,63.64,11,44.0,1,33.33,14,0,82.22,32,55.17,1350,6,5,4,15,0,0,0,20,3,0,0,0,0,70,0,518,3,1,16.67,42,35.59,19,78,2,1,9,1,4,0.0,0,0,,0,1,0,6.69,Augusto Aguirre,Deportes Limache,875564,331131
2,3,0,21,44.68,6,28.57,7,50.0,10,0,76.53,27,39.71,584,5,7,6,13,0,0,0,9,3,0,0,0,0,48,2,150,7,5,22.73,10,37.04,2,19,6,2,14,5,4,14.29,0,1,,0,0,0,6.69,Diego Sanhueza,Ñublense,1125913,7029
0,2,0,39,49.37,3,30.0,7,50.0,25,0,88.17,42,47.19,954,7,15,10,13,0,0,0,19,4,0,0,0,0,82,0,343,5,5,15.15,19,65.52,10,23,8,0,3,1,0,0.0,0,1,,0,1,0,6.69,Aaron Astudillo,Cobresal,1016643,3167
4,1,0,21,42.0,39,40.63,3,37.5,9,0,56.7,60,41.1,995,10,13,8,15,0,0,0,9,3,0,0,0,0,57,1,110,11,0,0.0,4,40.0,3,9,5,4,28,14,5,14.29,3,9,,0,0,0,6.69,Ignacio Jeraldino,Ñublense,761426,7029
0,0,0,8,72.73,16,53.33,1,50.0,3,0,85.61,24,58.54,530,4,1,0,7,0,0,0,9,1,0,0,0,0,16,0,244,1,0,0.0,22,53.66,7,44,2,1,1,0,0,0.0,0,0,,0,0,0,6.69,Cristián Suárez,Deportes Concepción,22973,3160
1,0,0,26,59.09,1,33.33,6,40.0,11,0,82.61,27,57.45,645,9,4,1,13,0,0,0,13,1,0,0,0,0,71,1,171,11,12,26.67,5,62.5,5,2,5,0,4,1,1,25.0,0,1,,0,0,0,6.68,Bastián Yáñez,O'Higgins,942415,3163
0,0,0,1,100.0,1,100.0,0,0.0,0,0,72.18,2,100.0,540,1,0,0,6,18,7,11,7,2,5,2,2,2,3,0,96,0,0,0.0,23,39.66,0,4,0,0,0,0,0,0.0,0,0,,0,0,0,6.68,Claudio González,Deportes Limache,924180,331131
1,1,0,10,37.04,2,25.0,1,16.67,6,1,75.74,12,34.29,298,3,6,4,10,0,0,0,5,1,0,0,0,0,36,1,103,4,3,60.0,4,33.33,1,5,2,0,5,1,0,20.0,1,0,,0,0,0,6.68,Martín Maturana,O'Higgins,1411686,3163
0,1,0,8,61.54,3,75.0,1,100.0,7,0,67.86,11,64.71,130,0,0,1,4,0,0,0,3,0,0,0,0,0,12,0,38,1,2,40.0,6,50.0,2,4,4,0,0,0,0,0.0,0,0,,0,1,0,6.68,Javier Saldías,Unión La Calera,1017169,48242
1,1,0,26,54.17,17,38.64,4,50.0,8,2,64.04,43,46.74,427,14,9,8,15,0,0,0,8,0,0,0,0,0,27,2,57,7,0,0.0,2,25.0,0,9,2,3,17,6,5,5.88,0,2,,0,0,0,6.67,Marcos Arturia,Deportes Limache,871813,331131
0,1,0,25,40.98,6,50.0,7,29.17,9,0,65.85,31,42.47,373,9,6,9,14,0,0,0,3,1,0,0,0,0,48,1,81,9,7,30.43,6,75.0,2,4,4,2,8,2,1,0.0,0,0,,0,0,0,6.67,Fernando Ovelar,Ñublense,962130,7029
0,4,0,2,50.0,4,100.0,0,0.0,0,0,67.76,6,75.0,1204,3,0,0,14,38,24,14,22,2,10,3,7,3,14,0,248,1,0,0.0,38,24.52,0,11,2,0,0,0,0,0.0,0,0,,2,0,0,6.67,Federico Lanzillotta,Deportes La Serena,789923,5031
2,3,0,40,38.83,4,26.67,12,44.44,19,0,79.3,44,37.29,846,9,20,17,15,0,0,0,3,3,0,0,0,0,141,0,364,12,2,11.76,13,44.83,5,9,11,1,15,4,6,13.33,0,0,,0,2,0,6.67,Javier Altamirano,Universidad de Chile,925337,3161
0,1,0,5,41.67,1,50.0,3,60.0,2,0,83.52,6,42.86,240,0,0,3,3,0,0,0,2,0,0,0,0,0,19,0,76,2,1,16.67,5,71.43,3,5,2,0,1,0,0,0.0,0,2,,0,0,0,6.67,Óscar Opazo,Everton de Viña del Mar,805175,5032
0,1,0,5,55.56,3,37.5,0,0.0,4,0,71.43,8,47.06,175,1,2,0,6,0,0,0,2,1,0,0,0,0,9,0,40,2,4,25.0,3,33.33,1,3,2,0,1,0,1,0.0,0,2,,0,0,0,6.67,Harold Antiñirre,Huachipato,988078,3164
1,1,0,26,56.52,1,12.5,5,33.33,6,0,80.85,27,50.0,494,15,3,5,11,0,0,0,7,0,0,0,0,0,35,0,114,7,4,22.22,5,62.5,1,4,3,1,11,3,3,9.09,1,2,,0,1,0,6.66,Rodrigo Cabral,Audax Italiano,997539,3162
1,3,0,39,57.35,17,56.67,3,25.0,26,2,76.45,56,57.14,1052,10,6,3,15,0,0,0,19,5,0,0,0,0,79,3,383,16,13,24.53,35,44.3,8,43,12,0,9,2,5,11.11,0,1,,0,0,0,6.66,Guillermo Pacheco,Cobresal,818865,3167
0,2,0,43,59.72,12,50.0,17,73.91,22,1,76.29,55,57.29,1307,4,11,5,15,0,0,0,19,3,0,0,0,0,94,1,325,4,5,8.93,34,41.46,14,55,8,0,6,1,2,0.0,0,0,,0,0,0,6.66,Marcelo Flores,Deportes Limache,1197239,331131
0,1,0,8,47.06,5,50.0,0,0.0,7,0,80.43,13,48.15,308,1,2,1,5,0,0,0,2,0,0,0,0,0,11,0,111,0,0,0.0,6,35.29,6,21,7,0,2,0,0,0.0,0,0,,0,1,0,6.66,Agustín Farías,Universidad Católica,581774,3151
0,0,0,22,66.67,23,53.49,1,50.0,13,0,86.74,45,59.21,1337,8,8,1,15,0,0,0,15,4,0,0,0,0,19,0,386,0,0,0.0,27,47.37,22,82,2,0,8,2,1,0.0,0,3,,1,0,0,6.66,Osvaldo Bosso,Ñublense,819075,7029
0,0,0,25,55.56,8,40.0,2,33.33,18,1,77.5,33,50.77,1024,5,10,1,12,0,0,0,13,1,0,0,0,0,37,1,217,7,5,20.0,15,40.54,5,33,7,0,9,3,2,0.0,0,1,,0,0,0,6.66,Misael Dávila,Deportes Concepción,177813,3160
3,1,0,16,47.06,26,56.52,5,100.0,4,0,55.96,42,52.5,585,7,7,11,14,0,0,0,6,1,0,0,0,0,21,0,61,6,0,0.0,0,0.0,1,9,2,3,14,6,2,21.43,0,4,,0,0,0,6.66,Diego Coelho,Audax Italiano,875274,3162
0,5,0,20,46.51,16,64.0,4,57.14,12,0,81.54,36,52.94,852,4,11,4,11,0,0,0,10,1,0,0,0,0,62,4,318,11,11,28.95,14,45.16,10,30,6,2,8,1,3,0.0,0,3,,0,1,0,6.65,Luis Pavez Muñoz,O'Higgins,339699,3163
0,3,1,33,62.26,22,62.86,9,75.0,16,0,77.31,55,62.5,847,8,8,2,11,0,0,0,12,4,0,0,0,0,41,0,351,1,1,33.33,29,29.59,22,53,7,0,2,0,0,0.0,0,0,,0,3,0,6.65,Leonel González,Universidad de Concepción,365990,5034
0,0,0,2,40.0,0,0.0,1,50.0,0,1,82.35,2,40.0,43,1,0,1,6,0,0,0,0,0,0,0,0,0,9,1,14,1,0,0.0,1,100.0,0,0,1,0,0,0,0,0.0,0,0,,0,0,0,6.65,Martín Gómez,Universidad Católica,2121648,3151
0,1,0,24,63.16,25,64.1,3,75.0,19,1,75.8,49,63.64,1047,2,7,3,12,0,0,0,16,2,0,0,0,0,39,0,332,7,1,14.29,35,37.23,23,70,3,0,4,1,0,0.0,0,1,,0,0,0,6.65,Norman Rodríguez,Deportes Concepción,988763,3160
0,0,0,10,66.67,3,60.0,1,33.33,7,0,58.33,13,65.0,205,2,1,0,4,0,0,0,3,1,0,0,0,0,5,0,28,0,0,0.0,3,16.67,0,10,2,0,4,0,1,0.0,0,0,,0,0,0,6.65,Cristian Morales,O'Higgins,1482396,3163
0,2,0,11,55.0,4,66.67,0,0.0,7,0,76.47,15,57.69,240,4,5,1,8,0,0,0,3,0,0,0,0,0,18,0,78,1,0,0.0,13,72.22,6,2,2,0,3,0,2,0.0,0,0,,0,1,0,6.65,Mario Sandoval,Audax Italiano,1920586,3162
0,0,0,18,46.15,4,30.77,4,33.33,13,0,82.51,22,42.31,490,1,4,1,8,0,0,0,9,1,0,0,0,0,41,1,184,7,6,25.0,17,56.67,3,26,8,0,3,1,1,0.0,0,0,,0,0,0,6.65,Antonio Castillo,Cobresal,987924,3167
0,2,0,19,61.29,9,45.0,2,66.67,11,0,84.49,28,54.9,541,6,11,0,10,0,0,0,4,4,0,0,0,0,37,0,207,2,0,0.0,18,51.43,6,21,1,0,6,1,1,0.0,0,0,,0,0,0,6.65,Juan Fuentes,Cobresal,385990,3167
4,1,1,16,39.02,42,44.68,4,57.14,8,2,68.13,58,42.96,1060,5,12,8,13,0,0,0,19,2,0,0,0,0,57,2,171,13,0,0.0,6,50.0,1,16,2,4,26,8,6,15.38,0,1,,0,0,0,6.65,Joaquín Larrivey,Deportes Concepción,28242,3160
1,4,0,17,48.57,23,54.76,4,100.0,9,0,82.41,40,51.95,1170,4,7,1,13,0,0,0,15,2,0,0,0,0,40,1,431,5,0,0.0,48,45.28,17,95,10,0,8,3,1,12.5,0,0,,2,0,0,6.65,Vicente Espinoza,Palestino,1464931,3157
0,2,0,23,57.5,4,57.14,3,37.5,15,0,80.62,27,57.45,470,5,4,2,9,0,0,0,9,0,0,0,0,0,54,0,183,3,0,0.0,7,38.89,7,6,6,1,6,1,3,0.0,0,1,,0,0,0,6.64,Salvador Cordero,Coquimbo Unido,829288,3165
0,1,0,6,60.0,4,44.44,0,0.0,4,0,77.32,10,52.63,207,2,2,0,5,0,0,0,0,0,0,0,0,0,9,0,75,0,0,0.0,5,50.0,3,12,1,0,1,1,0,0.0,0,0,,0,0,0,6.64,Lucas Romero,Universidad de Chile,1201172,3161
0,1,0,41,53.25,16,43.24,9,42.86,20,0,74.83,57,50.0,909,12,8,3,13,0,0,0,10,2,0,0,0,0,31,1,217,5,6,18.18,18,45.0,12,46,15,0,4,2,1,0.0,0,0,,0,0,0,6.64,Lucas Velásquez,Huachipato,1482399,3164
0,1,0,13,65.0,4,33.33,5,83.33,8,0,87.89,17,53.13,452,0,2,1,9,0,0,0,7,0,0,0,0,0,21,0,167,5,2,22.22,8,53.33,3,11,3,0,0,0,0,0.0,0,0,,0,0,0,6.64,Eugenio Mena,Universidad Católica,117430,3151
1,0,0,10,47.62,0,0.0,6,46.15,1,1,78.57,10,40.0,269,3,2,2,11,0,0,0,3,0,0,0,0,0,42,1,99,8,9,31.03,3,42.86,3,5,0,1,6,2,2,16.67,0,2,,0,0,0,6.64,Francisco Marchant,Colo-Colo,1482420,3155
0,1,0,4,66.67,3,30.0,0,0.0,2,0,70.83,7,43.75,124,2,2,0,3,0,0,0,2,0,0,0,0,0,5,0,17,2,0,0.0,0,0.0,0,0,0,0,3,0,2,0.0,0,0,,0,0,0,6.63,Diego Antonio Sabando Sanhueza,Universidad de Concepción,1906000,5034
0,1,0,1,20.0,2,50.0,0,0.0,1,0,87.5,3,33.33,66,0,3,0,3,0,0,0,0,0,0,0,0,0,4,0,28,0,0,0.0,1,100.0,1,1,1,0,0,0,0,0.0,0,0,,0,0,0,6.63,Francisco Herrera,Universidad de Concepción,2455393,5034
0,0,0,1,20.0,0,0.0,1,50.0,0,0,76.92,1,14.29,36,0,2,0,4,0,0,0,0,0,0,0,0,0,4,0,10,0,0,0.0,2,40.0,1,3,1,0,0,0,0,0.0,0,0,,0,0,0,6.63,Javier Méndez,Colo-Colo,924858,3155
0,0,0,0,0.0,0,0.0,0,0.0,0,0,55.56,0,0.0,32,0,1,0,4,0,0,0,0,0,0,0,0,0,3,0,5,0,0,0.0,0,0.0,0,0,0,0,3,1,1,0.0,0,0,,0,0,0,6.63,Facundo Marín,Deportes Limache,2116602,331131
0,1,1,2,28.57,16,53.33,0,0.0,2,0,84.17,18,48.65,501,0,2,0,9,0,0,0,7,1,0,0,0,0,13,0,202,1,0,0.0,15,37.5,7,49,2,0,2,1,1,0.0,0,0,,0,1,0,6.63,Axel Alfonzo,Deportes Limache,1199394,331131
1,1,0,27,48.21,16,57.14,7,58.33,17,0,80.06,43,51.19,801,3,12,4,10,0,0,0,12,1,0,0,0,0,73,0,273,5,8,21.62,12,26.09,14,22,9,0,8,1,3,12.5,0,0,,0,1,0,6.63,Ariel Cáceres,Deportes Concepción,939938,3160
1,3,0,26,32.1,23,47.92,5,25.0,9,3,64.62,49,37.98,898,12,15,23,14,0,0,0,13,2,0,0,0,0,62,6,137,14,4,36.36,6,30.0,2,12,4,1,25,8,9,4.0,1,0,,0,0,0,6.63,Maximiliano Rodríguez,Huachipato,940483,3164
3,3,0,13,41.94,39,46.43,7,87.5,3,0,52.94,52,45.22,444,3,17,3,15,0,0,0,6,1,0,0,0,0,18,1,54,2,0,0.0,0,0.0,1,6,1,4,16,6,2,18.75,1,2,,0,0,0,6.63,Franco Rami,Ñublense,1518443,7029
0,0,0,8,61.54,0,0.0,3,50.0,1,0,83.33,8,57.14,75,4,0,1,4,0,0,0,1,0,0,0,0,0,11,0,25,0,2,50.0,2,66.67,0,1,1,0,2,1,1,0.0,0,0,,0,0,0,6.63,Vicente Cárcamo,Universidad Católica,1982597,3151
0,1,1,17,36.96,4,57.14,8,44.44,4,0,76.69,21,39.62,336,5,5,8,12,0,0,0,4,0,0,0,0,0,39,2,102,13,5,35.71,7,50.0,3,2,6,0,5,1,1,0.0,0,0,,0,0,0,6.63,Favian Loyola,Audax Italiano,1440662,3162
0,2,0,13,61.9,6,37.5,3,50.0,9,1,83.28,19,51.35,1023,1,4,0,12,0,0,0,16,1,0,0,0,0,19,1,483,2,0,0.0,55,48.67,12,68,1,1,3,1,0,0.0,0,0,,0,1,1,6.62,Marcelo Ortíz,Audax Italiano,895340,3162
0,1,1,12,52.17,21,77.78,0,0.0,10,0,79.67,33,66.0,491,2,6,0,6,0,0,0,5,0,0,0,0,0,8,0,145,0,0,0.0,9,37.5,8,27,4,0,3,0,2,0.0,0,0,,0,0,0,6.62,Elvis Hernández,Coquimbo Unido,1019924,3165
0,0,0,16,48.48,1,12.5,4,33.33,5,0,89.02,17,41.46,341,7,2,2,7,0,0,0,2,2,0,0,0,0,15,1,73,4,3,27.27,0,0.0,4,6,5,0,5,3,1,0.0,0,1,,0,0,0,6.61,Juan Figueroa,Huachipato,1484208,3164
1,0,0,15,53.57,5,27.78,6,75.0,5,0,63.95,20,43.48,414,4,3,4,8,0,0,0,7,3,0,0,0,0,14,0,55,5,3,30.0,2,50.0,1,3,4,1,4,1,1,25.0,0,1,,0,0,0,6.61,Giovanny Ávalos,Ñublense,1503119,7029
0,4,1,23,50.0,34,68.0,2,40.0,15,0,83.24,57,59.38,800,6,13,2,10,0,0,0,13,0,0,0,0,0,27,0,293,2,0,0.0,29,51.79,10,67,5,0,5,1,2,0.0,0,1,,1,1,0,6.61,David Retamal,Universidad de Concepción,1482287,5034
1,0,0,9,33.33,24,44.44,1,20.0,5,0,58.78,33,40.74,451,3,5,9,13,0,0,0,9,0,0,0,0,0,33,0,77,3,0,0.0,2,50.0,2,6,1,0,11,5,1,9.09,0,0,,0,0,0,6.61,Lucas Pratto,Coquimbo Unido,39244,3165
1,1,0,30,52.63,0,0.0,9,45.0,8,1,77.65,30,45.45,598,13,5,11,14,0,0,0,3,2,0,0,0,0,54,0,132,3,3,15.0,3,25.0,2,3,2,0,11,4,3,9.09,0,5,,0,0,0,6.61,Ignacio Vásquez,Universidad de Chile,1482412,3161
3,4,0,17,36.96,53,51.46,7,70.0,4,0,64.88,70,46.98,938,6,21,10,15,0,0,0,9,1,0,0,0,0,54,4,157,7,1,100.0,2,50.0,4,10,0,7,32,17,2,9.38,0,9,,0,1,0,6.61,Arnaldo Castillo,O'Higgins,849177,3163
1,0,0,6,35.29,8,42.11,0,0.0,3,1,61.29,14,38.89,230,3,3,5,6,0,0,0,5,2,0,0,0,0,16,1,38,3,0,0.0,0,0.0,0,1,0,0,5,2,1,20.0,0,0,,0,0,0,6.6,Ángelo Henríquez,Deportes La Serena,165511,5031
0,2,0,6,35.29,0,0.0,1,33.33,4,1,75.38,6,33.33,105,1,4,1,4,0,0,0,4,1,0,0,0,0,19,0,49,4,1,25.0,4,50.0,1,0,4,0,3,1,1,0.0,0,0,,0,0,0,6.6,Joan Cruz,Unión La Calera,1002941,48242
0,0,0,5,50.0,5,71.43,1,50.0,2,1,50.0,10,58.82,88,2,0,3,5,0,0,0,0,0,0,0,0,0,2,1,8,1,0,0.0,0,0.0,0,2,1,0,1,0,1,0.0,0,0,,0,0,0,6.6,Diego Valencia,Universidad Católica,906110,3151
0,2,0,6,35.29,3,60.0,1,50.0,5,1,80.17,9,40.91,291,0,4,2,9,0,0,0,10,1,0,0,0,0,27,1,93,5,5,55.56,14,66.67,3,8,4,0,1,0,0,0.0,0,0,,0,0,0,6.6,Esteban Valencia,Cobresal,962847,3167
0,1,0,2,28.57,1,50.0,0,0.0,2,0,88.89,3,33.33,15,0,2,1,1,0,0,0,0,0,0,0,0,0,2,0,8,0,0,0.0,1,100.0,1,0,1,0,0,0,0,0.0,0,0,,0,0,0,6.6,Cristian Riquelme,Colo-Colo,1002936,3155
0,0,0,0,0.0,1,100.0,0,0.0,0,0,77.5,1,100.0,90,0,0,0,1,0,0,0,1,0,0,0,1,0,0,0,31,0,0,0.0,10,52.63,0,1,0,0,0,0,0,0.0,0,0,,0,0,0,6.6,Darío Melo,Universidad Católica,333403,3151
0,0,0,0,0.0,0,0.0,0,0.0,0,0,0.0,0,0.0,12,0,0,0,1,0,0,0,0,0,0,0,0,0,0,0,0,0,0,0.0,0,0.0,0,0,0,0,0,0,0,0.0,0,0,,0,0,0,6.6,Benjamín Villarroel,Cobresal,2411247,3167
0,0,0,4,100.0,0,0.0,3,100.0,0,0,76.92,4,80.0,33,1,0,0,2,0,0,0,0,2,0,0,0,0,2,0,10,0,0,0.0,0,0.0,0,0,0,0,0,0,0,0.0,0,0,,0,0,0,6.6,Maximiliano Fernandez,Unión La Calera,2456453,48242
0,0,0,5,41.67,2,66.67,2,66.67,3,0,62.5,7,46.67,117,0,5,0,4,0,0,0,1,1,0,0,0,0,6,0,35,1,0,0.0,1,20.0,1,1,1,0,1,0,0,0.0,0,0,,0,0,0,6.6,Gabriel Pinto,O'Higgins,1798259,3163
0,0,0,6,54.55,1,33.33,4,66.67,1,0,82.35,7,50.0,126,1,2,0,4,0,0,0,2,1,0,0,0,0,9,0,28,3,2,20.0,0,0.0,0,1,1,0,3,1,0,0.0,0,0,,0,0,0,6.6,Cristobal Zambrano,Universidad de Concepción,2163290,5034
0,1,0,5,50.0,3,75.0,1,100.0,3,0,84.27,8,57.14,88,1,1,3,7,0,0,0,0,0,0,0,0,0,16,0,75,0,0,0.0,7,63.64,0,2,1,1,4,1,0,0.0,0,0,,0,0,0,6.6,Alfred Canales,Universidad Católica,1016766,3151
0,1,0,11,64.71,11,50.0,2,66.67,8,0,74.51,22,56.41,357,1,2,1,7,0,0,0,8,1,0,0,0,0,16,0,114,2,2,66.67,13,48.15,5,23,2,0,2,0,1,0.0,0,0,,0,1,0,6.6,Oliver Rojas,Audax Italiano,906112,3162
1,0,0,41,44.57,3,17.65,20,52.63,9,0,80.37,44,40.37,891,12,0,17,15,0,0,0,15,2,0,0,0,0,93,2,217,15,9,16.67,7,53.85,2,5,16,0,24,7,7,4.17,2,1,,0,0,0,6.59,Aldrix Jara,Deportes Concepción,986422,3160
1,3,0,12,38.71,4,57.14,1,12.5,9,1,74.59,16,42.11,390,2,6,6,10,0,0,0,10,2,0,0,0,0,31,0,91,4,3,15.79,3,75.0,3,5,1,0,5,1,2,20.0,0,3,,0,0,0,6.59,Antonio Díaz,Universidad de Concepción,906108,5034
0,1,0,21,63.64,3,33.33,5,71.43,8,0,78.86,24,57.14,329,8,7,3,10,0,0,0,6,1,0,0,0,0,23,0,97,0,0,0.0,9,56.25,1,5,1,0,3,1,1,0.0,0,0,,1,0,0,6.59,Benjamin Schamine,O'Higgins,1485083,3163
0,5,0,29,54.72,20,62.5,2,40.0,18,1,71.29,49,57.65,1178,9,9,7,14,0,0,0,14,4,0,0,0,0,77,5,370,15,12,21.43,36,31.58,5,54,6,0,3,0,2,0.0,0,2,,0,1,1,6.59,Christopher Díaz,Unión La Calera,889511,48242
0,1,2,14,43.75,13,76.47,0,0.0,8,0,82.76,27,55.1,367,6,15,0,7,0,0,0,4,0,0,0,0,0,13,0,120,0,0,0.0,9,39.13,3,29,3,0,8,1,2,0.0,0,0,,0,1,0,6.59,Pablo Calderón,Ñublense,1015675,7029
0,6,0,44,54.32,23,57.5,4,36.36,23,0,83.27,67,55.37,1170,17,14,9,13,0,0,0,12,4,0,0,0,0,22,0,408,1,2,12.5,17,28.33,6,60,7,0,4,0,1,0.0,0,2,,0,0,0,6.58,Daniel Gutiérrez,Unión La Calera,1111544,48242
3,2,0,27,50.94,33,35.87,2,18.18,10,0,65.03,60,41.38,813,15,6,6,12,0,0,0,12,1,0,0,0,0,43,0,119,5,1,10.0,1,16.67,1,11,6,2,18,6,4,16.67,0,0,,0,1,0,6.58,Cris Martínez,Huachipato,851968,3164
1,2,0,16,33.33,2,22.22,6,33.33,7,0,87.62,18,31.58,315,3,7,10,10,0,0,0,7,0,0,0,0,0,27,0,92,5,2,28.57,6,75.0,6,2,4,1,11,4,4,9.09,1,0,,0,1,0,6.58,Kevin Altez,Huachipato,1177673,3164
0,0,0,11,68.75,5,71.43,4,66.67,6,0,57.78,16,69.57,139,1,2,2,5,0,0,0,4,0,0,0,0,0,8,0,26,2,1,25.0,1,25.0,0,1,0,1,3,0,1,0.0,0,1,,0,0,0,6.58,Claudio Torres,Huachipato,1108549,3164
1,2,0,15,39.47,28,51.85,4,44.44,3,1,46.15,43,46.74,423,9,11,7,9,0,0,0,7,0,0,0,0,0,18,0,48,3,0,0.0,3,30.0,0,7,3,1,14,5,5,7.14,0,2,,0,0,0,6.58,Ronnie Fernández,Palestino,805150,3157
0,0,0,5,55.56,0,0.0,0,0.0,3,0,81.91,5,50.0,174,2,1,0,4,0,0,0,4,0,0,0,0,0,28,0,77,4,2,28.57,2,28.57,1,1,3,0,0,0,0,0.0,0,1,,0,0,0,6.58,Matías Fernández,Colo-Colo,805170,3155
3,4,0,28,39.44,13,26.0,9,56.25,8,2,71.43,41,33.88,949,11,14,19,15,0,0,0,14,1,0,0,0,0,43,2,140,14,4,21.05,7,46.67,4,3,5,2,18,9,3,16.67,0,4,,0,1,0,6.57,Giovani Chiaverano,Audax Italiano,1485094,3162
3,0,0,12,34.29,5,17.86,2,22.22,7,0,74.73,17,26.98,623,3,6,5,10,0,0,0,6,1,0,0,0,0,18,0,68,5,2,28.57,0,0.0,1,4,6,8,29,14,4,10.34,1,7,,0,0,0,6.57,Cristian Palacios,Everton de Viña del Mar,129209,5032
1,0,0,23,38.98,12,40.0,6,33.33,14,1,67.57,35,39.33,434,3,8,9,11,0,0,0,6,0,0,0,0,0,33,1,75,6,3,20.0,2,66.67,4,4,8,0,8,2,4,12.5,0,0,,0,0,0,6.57,Martín Araya,Palestino,1464930,3157
1,2,0,12,26.09,4,36.36,6,40.0,4,0,72.0,16,28.07,466,2,12,5,13,0,0,0,8,1,0,0,0,0,35,0,108,7,5,25.0,10,62.5,5,4,8,1,11,5,2,9.09,0,3,,0,0,0,6.57,Matías Marín,Deportes La Serena,874589,5031
0,2,0,19,73.08,16,59.26,1,50.0,16,0,85.93,35,66.04,754,2,6,1,11,0,0,0,11,5,0,0,0,0,11,0,232,1,0,0.0,13,37.14,5,65,0,0,3,0,1,0.0,0,0,,1,2,0,6.57,Christian Moreno,Cobresal,832663,3167
0,1,0,3,50.0,1,33.33,0,0.0,3,0,75.76,4,44.44,110,0,3,1,3,0,0,0,2,0,0,0,0,0,5,0,25,0,0,0.0,1,33.33,0,3,1,0,2,0,1,0.0,0,0,,0,0,0,6.57,Christian Mansilla,Ñublense,1475422,7029
0,0,0,9,64.29,1,20.0,1,33.33,5,0,60.0,10,52.63,98,3,1,1,5,0,0,0,2,0,0,0,0,0,5,0,18,2,1,25.0,1,50.0,3,2,1,0,2,0,0,0.0,0,0,,0,0,0,6.57,Matías Pinto,Deportes La Serena,1155908,5031
1,2,0,50,37.88,1,7.14,21,42.0,15,0,75.13,51,34.93,881,14,17,29,14,0,0,0,11,0,0,0,0,0,68,0,148,10,7,25.93,10,66.67,6,1,7,2,15,6,6,6.67,0,2,,0,0,0,6.56,Bayron Oyarzo,Unión La Calera,951277,48242
2,1,0,13,34.21,6,31.58,4,33.33,5,0,62.32,19,33.33,464,4,7,10,8,0,0,0,5,0,0,0,0,0,16,0,43,2,2,22.22,1,33.33,2,2,2,1,10,5,2,20.0,0,2,,0,0,0,6.56,Ignacio Mesías,Deportes Concepción,906106,3160
0,1,0,19,51.35,9,47.37,6,60.0,9,0,82.12,28,50.0,734,4,6,2,13,0,0,0,12,3,0,0,0,0,59,0,271,8,11,33.33,10,38.46,12,24,6,0,7,2,1,0.0,0,1,,0,1,0,6.56,Cristián Gutiérrez,Unión La Calera,819005,48242
0,0,0,9,81.82,11,50.0,0,0.0,5,0,59.26,20,60.61,183,4,2,0,6,0,0,0,1,0,0,0,0,0,6,0,16,2,0,0.0,1,100.0,0,1,0,4,7,2,1,0.0,1,4,,0,0,0,6.56,Carlos Escobar,Deportes Concepción,247079,3160
0,1,0,9,31.03,3,42.86,0,0.0,6,0,76.85,12,33.33,307,3,7,6,7,0,0,0,6,0,0,0,0,0,30,0,83,0,0,0.0,6,54.55,1,0,2,1,5,2,1,0.0,1,0,,0,0,0,6.56,Carlo Villanueva,Unión La Calera,861299,48242
1,2,0,19,47.5,5,62.5,4,57.14,10,0,79.76,24,50.0,243,5,4,11,6,0,0,0,7,0,0,0,0,0,25,0,67,0,1,33.33,4,80.0,2,1,3,0,4,1,1,25.0,0,0,,0,1,0,6.55,Pablo Rodríguez,Coquimbo Unido,2048673,3165
0,0,0,4,66.67,0,0.0,1,100.0,3,0,67.92,4,44.44,101,0,1,0,2,0,0,0,2,0,0,0,0,0,0,0,36,0,0,0.0,0,0.0,0,7,1,0,0,0,0,0.0,0,0,,0,0,0,6.55,Mateo González Cortés,Deportes Concepción,2511194,3160
0,2,0,5,55.56,6,46.15,0,0.0,2,0,79.82,11,50.0,211,3,2,0,4,0,0,0,3,0,0,0,0,0,4,0,87,2,0,0.0,17,56.67,8,20,2,0,0,0,0,0.0,0,0,,0,0,0,6.55,Bastián Ubal,Universidad de Concepción,1106822,5034
0,0,0,2,28.57,3,75.0,0,0.0,2,0,80.0,5,45.45,139,0,1,1,6,0,0,0,4,0,0,0,0,0,3,1,48,1,0,0.0,5,45.45,4,19,1,0,0,0,0,0.0,0,0,,0,0,0,6.55,Diego Monreal,Audax Italiano,1473443,3162
0,0,0,31,55.36,4,26.67,8,38.1,12,1,76.88,35,49.3,653,11,5,3,13,0,0,0,12,0,0,0,0,0,40,2,133,6,4,16.0,4,33.33,10,20,5,0,5,0,2,0.0,0,0,,0,0,0,6.55,Paolo Guajardo,Audax Italiano,1114520,3162
0,0,0,23,56.1,4,33.33,3,42.86,19,0,73.0,27,50.94,487,1,0,3,11,0,0,0,10,0,0,0,0,0,26,1,146,3,3,23.08,9,29.03,12,20,11,0,2,1,0,0.0,0,0,,0,0,0,6.54,Brayan Véjar,Deportes Concepción,312318,3160
1,2,1,21,48.84,16,45.71,3,42.86,7,0,67.77,37,47.44,569,11,8,7,10,0,0,0,2,1,0,0,0,0,28,1,82,6,0,0.0,4,50.0,0,5,3,3,14,8,2,7.14,0,2,,0,0,0,6.54,Juan Martín Lucero,Universidad de Chile,359024,3161
0,4,0,22,48.89,0,0.0,2,50.0,12,0,83.86,22,45.83,492,8,9,7,10,0,0,0,8,2,0,0,0,0,57,0,213,1,1,16.67,7,36.84,14,0,5,1,4,0,2,0.0,0,0,,0,1,0,6.54,Yerko Leiva,Unión La Calera,822444,48242
0,2,0,15,44.12,4,36.36,4,44.44,8,0,71.67,19,42.22,265,3,6,6,11,0,0,0,5,0,0,0,0,0,14,0,43,2,1,25.0,2,33.33,4,4,2,0,8,2,1,0.0,0,1,,0,0,0,6.54,Ángel Gillard,Deportes Concepción,1125898,3160
0,2,0,26,36.11,13,27.08,6,31.58,4,2,73.96,39,32.5,816,17,10,18,15,0,0,0,9,1,0,0,0,0,45,4,125,13,10,26.32,5,55.56,10,18,7,3,14,3,6,0.0,0,2,,0,0,0,6.53,Emiliano Ramos,Everton de Viña del Mar,1199239,5032
0,0,0,4,44.44,1,16.67,3,50.0,0,0,67.86,5,33.33,158,1,0,1,6,0,0,0,1,0,0,0,0,0,2,0,38,0,0,0.0,1,16.67,0,9,1,0,2,1,0,0.0,0,0,,0,0,0,6.53,Martín Jiménez,Audax Italiano,1997135,3162
0,1,0,19,61.29,5,38.46,6,46.15,4,0,73.61,24,54.55,387,9,3,2,9,0,0,0,5,2,0,0,0,0,21,1,53,4,3,17.65,0,0.0,3,1,0,2,8,2,3,0.0,0,0,,0,0,0,6.53,Joaquín Tapia,O'Higgins,1798260,3163
0,3,1,10,38.46,6,50.0,0,0.0,7,0,83.74,16,42.11,374,3,8,5,11,0,0,0,6,2,0,0,0,0,32,0,170,3,0,0.0,17,68.0,8,5,2,0,2,1,1,0.0,0,0,,0,0,0,6.53,Camilo Moya,Unión La Calera,822449,48242
1,0,0,4,50.0,0,0.0,1,50.0,1,1,81.08,4,26.67,151,2,2,2,9,0,0,0,0,0,0,0,0,0,15,1,30,4,0,0.0,0,0.0,0,0,0,2,9,2,2,11.11,0,1,,0,0,0,6.52,Yastin Cuevas,Colo-Colo,1997136,3155
0,1,0,6,42.86,0,0.0,2,50.0,2,0,74.47,6,37.5,142,2,3,1,5,0,0,0,2,0,0,0,0,0,14,1,35,2,3,75.0,2,40.0,2,0,2,0,2,0,1,0.0,0,0,,0,0,0,6.52,Leenhan Romero,Deportes Concepción,1482455,3160
0,2,0,2,16.67,0,0.0,0,0.0,1,0,74.68,2,14.29,152,1,4,2,5,0,0,0,2,0,0,0,0,0,20,0,59,2,2,66.67,6,42.86,3,2,3,0,2,1,0,0.0,0,0,,0,0,0,6.52,Javier Nicolás Cárcamo,Huachipato,1656140,3164
1,1,0,10,28.57,6,40.0,3,30.0,2,0,63.64,16,32.0,205,5,9,8,6,0,0,0,1,0,0,0,0,0,14,0,35,3,0,0.0,1,100.0,0,3,1,1,4,3,0,25.0,0,2,,0,0,0,6.52,Santiago Londoño,Everton de Viña del Mar,1508614,5032
1,1,0,11,39.29,7,63.64,5,38.46,2,0,68.0,18,46.15,208,4,5,3,7,0,0,0,3,0,0,0,0,0,19,0,51,3,0,0.0,0,0.0,0,4,1,0,6,3,1,16.67,0,1,,0,0,0,6.51,Juan Francisco Rossel,Universidad Católica,1409361,3151
0,0,0,11,22.45,0,0.0,3,15.0,5,2,77.56,11,20.0,670,3,9,8,14,0,0,0,11,0,0,0,0,0,77,5,159,9,6,23.08,6,37.5,4,4,4,0,18,4,6,0.0,1,3,,0,0,0,6.51,Benjamín Chandía,Coquimbo Unido,1125880,3165
1,1,0,11,30.56,3,30.0,2,25.0,5,1,71.82,14,30.43,352,4,6,6,8,0,0,0,9,1,0,0,0,0,20,0,79,4,2,20.0,7,36.84,1,13,8,0,2,2,0,50.0,0,0,,0,0,0,6.51,Benjamín Valenzuela,Cobresal,1973053,3167
1,1,0,4,26.67,1,50.0,1,25.0,2,0,73.81,5,29.41,184,1,3,3,4,0,0,0,2,1,0,0,0,0,14,0,31,1,3,25.0,0,0.0,0,1,2,0,2,2,0,50.0,0,0,,0,0,0,6.5,Lucas Molina,Ñublense,1396682,7029
0,0,0,0,0.0,0,0.0,0,0.0,0,1,50.0,0,0.0,19,0,0,0,1,0,0,0,1,0,0,0,0,0,1,1,3,1,1,50.0,0,0.0,0,0,0,0,0,0,0,0.0,0,0,,0,0,0,6.5,Ian Alegría,Palestino,1985127,3157
0,0,0,0,0.0,0,0.0,0,0.0,0,0,100.0,0,0.0,8,0,0,0,1,0,0,0,0,0,0,0,0,0,1,0,3,0,0,0.0,0,0.0,0,0,0,0,0,0,0,0.0,0,0,,0,0,0,6.5,Rodrigo Catalán,Colo-Colo,2537211,3155
0,0,0,2,50.0,0,0.0,0,0.0,0,0,75.0,2,50.0,44,2,0,0,1,0,0,0,0,0,0,0,0,0,2,0,3,0,0,0.0,0,0.0,0,0,0,0,1,0,1,0.0,0,0,,0,0,0,6.5,Dixon Pereira,Coquimbo Unido,1836149,3165
0,0,0,0,0.0,1,33.33,0,0.0,0,0,60.0,1,33.33,13,0,0,0,1,0,0,0,0,0,0,0,0,0,1,0,3,1,0,0.0,0,0.0,0,2,0,0,1,0,0,0.0,0,0,,0,0,0,6.5,Martín Espinoza Pino,Universidad de Chile,2145368,3161
0,0,0,0,0.0,1,50.0,0,0.0,0,0,100.0,1,33.33,13,0,1,0,1,0,0,0,0,0,0,0,0,0,1,0,1,0,0,0.0,0,0.0,0,1,0,0,1,0,0,0.0,0,0,,0,0,0,6.5,Esteban Moreira,O'Higgins,1022946,3163
0,0,0,0,0.0,1,50.0,0,0.0,0,0,100.0,1,33.33,8,0,1,0,1,0,0,0,0,0,0,0,0,0,0,0,2,0,0,0.0,0,0.0,0,1,0,0,0,0,0,0.0,0,0,,0,0,0,6.5,Daniel Saavedra,Ñublense,1981750,7029
0,0,0,2,100.0,0,0.0,1,100.0,0,0,100.0,2,66.67,11,1,0,0,1,0,0,0,1,0,0,0,0,0,1,0,3,0,0,0.0,1,100.0,0,0,0,0,0,0,0,0.0,0,0,,0,0,0,6.5,Carlos Herrera,Huachipato,942703,3164
0,0,0,1,50.0,0,0.0,0,0.0,1,0,100.0,1,50.0,10,0,0,0,1,0,0,0,0,0,0,0,0,0,1,0,1,0,0,0.0,0,0.0,0,0,1,0,1,0,0,0.0,0,0,,0,0,0,6.5,Fabricio Diaz,Deportes La Serena,2036609,5031
0,0,0,1,50.0,1,100.0,0,0.0,0,0,50.0,2,66.67,15,1,0,0,1,0,0,0,0,0,0,0,0,0,1,0,5,1,0,0.0,1,50.0,0,1,1,0,0,0,0,0.0,0,0,,0,0,0,6.5,Joaquín González,Ñublense,2038473,7029
0,0,0,0,0.0,0,0.0,0,0.0,0,0,100.0,0,0.0,16,0,0,0,1,0,0,0,1,0,0,0,0,0,1,0,1,0,0,0.0,0,0.0,0,0,0,0,0,0,0,0.0,0,0,,0,0,0,6.5,Joel Ahumada,Audax Italiano,2456836,3162
0,0,0,1,50.0,0,0.0,0,0.0,1,0,83.33,1,50.0,29,0,1,0,1,0,0,0,1,0,0,0,0,0,7,0,20,0,0,0.0,1,50.0,0,0,0,0,1,1,0,0.0,0,0,,0,0,0,6.5,Ricardo Rebolledo,Everton de Viña del Mar,2462954,5032
0,0,0,0,0.0,0,0.0,0,0.0,0,0,100.0,0,0.0,10,0,0,0,2,0,0,0,1,0,0,0,0,0,1,0,2,0,0,0.0,0,0.0,0,1,0,0,1,0,0,0.0,0,0,,0,0,0,6.5,Danilo Catalán,Deportes Limache,877098,331131
0,0,0,2,33.33,1,33.33,0,0.0,2,0,74.29,3,33.33,87,0,1,1,3,0,0,0,3,0,0,0,0,0,7,0,26,1,0,0.0,4,66.67,2,4,2,0,2,0,1,0.0,0,0,,0,0,0,6.5,Byron Navarro,Everton de Viña del Mar,1384618,5032
0,1,1,53,60.92,11,45.83,14,60.87,33,0,67.52,64,57.66,1048,6,10,2,12,0,0,0,18,2,0,0,0,0,42,0,185,6,1,4.55,15,33.33,15,34,13,0,6,2,0,0.0,0,1,,0,0,0,6.5,Yahir Salazar,Deportes La Serena,1384819,5031
0,4,0,37,59.68,29,49.15,1,50.0,33,0,85.53,66,54.55,1215,3,19,0,14,0,0,0,19,4,0,0,0,0,26,0,396,0,0,0.0,37,50.0,22,92,7,0,2,0,0,0.0,0,0,,1,0,0,6.5,Franco Bechtholdt,Cobresal,889519,3167
0,2,0,24,45.28,4,50.0,7,43.75,17,0,75.66,28,45.9,575,0,6,6,10,0,0,0,7,2,0,0,0,0,24,0,143,1,5,27.78,18,54.55,15,11,8,0,4,1,0,0.0,1,0,,0,0,0,6.49,Rodrigo Sandoval,Cobresal,1014802,3167
0,2,0,10,58.82,3,60.0,1,50.0,8,0,83.04,13,59.09,472,1,3,3,9,0,0,0,7,2,0,0,0,0,23,0,142,2,6,54.55,9,36.0,7,17,0,0,1,0,1,0.0,0,1,,1,0,0,6.49,Javier Rojas,Deportes Concepción,1980392,3160
1,5,0,23,36.51,4,19.05,8,40.0,8,1,77.97,27,32.14,636,7,16,8,13,0,0,0,4,1,0,0,0,0,81,2,184,9,4,22.22,5,27.78,1,3,4,4,20,5,7,5.0,0,4,,0,0,0,6.48,Julián Alfaro,Everton de Viña del Mar,956838,5032
0,3,0,7,38.89,3,100.0,2,50.0,5,0,66.67,10,47.62,158,0,7,2,6,0,0,0,0,1,0,0,0,0,6,0,26,2,2,16.67,2,33.33,0,7,1,0,1,0,0,0.0,0,0,,0,0,0,6.48,Dilan Salgado,Palestino,1386875,3157
1,1,1,7,50.0,2,33.33,1,50.0,3,1,71.7,9,45.0,151,3,2,2,7,0,0,0,3,0,0,0,0,0,17,1,38,1,0,0.0,2,40.0,1,5,2,0,3,2,1,33.33,0,0,,0,1,0,6.47,Flavio Moya,Deportes Limache,1644853,331131
0,0,0,8,25.0,15,34.88,4,44.44,2,0,62.4,23,30.67,579,2,7,8,14,0,0,0,3,4,0,0,0,0,32,1,78,1,0,0.0,3,42.86,2,4,4,4,12,4,4,0.0,1,2,,0,0,0,6.47,Francisco Jose Pozzo,Unión La Calera,1523685,48242
0,0,0,2,66.67,0,0.0,0,0.0,1,0,61.29,2,66.67,270,1,0,0,3,6,5,1,4,0,5,2,2,3,8,0,57,1,0,0.0,26,41.94,0,3,1,0,0,0,0,0.0,0,0,,2,0,0,6.47,Gonzalo Flores,Coquimbo Unido,1119737,3165
0,0,0,0,0.0,1,33.33,0,0.0,0,0,83.33,1,20.0,37,0,0,0,3,0,0,0,2,0,0,0,0,0,0,0,5,0,0,0.0,0,0.0,1,0,2,0,0,0,0,0.0,0,0,,0,0,0,6.47,Bastián Sandoval,Deportes La Serena,2455976,5031
0,1,0,1,16.67,0,0.0,1,33.33,0,0,80.0,1,16.67,58,0,2,0,3,0,0,0,0,0,0,0,0,0,5,0,16,0,1,33.33,1,100.0,0,0,1,0,3,0,3,0.0,0,0,,0,0,0,6.47,Amaro Leon,Everton de Viña del Mar,2059827,5032
0,2,0,6,33.33,1,25.0,1,50.0,4,0,78.13,7,31.82,169,1,5,1,6,0,0,0,2,1,0,0,0,0,22,1,50,3,1,33.33,4,66.67,2,1,5,1,3,0,2,0.0,0,2,,0,0,0,6.47,Harol Salgado,Universidad de Concepción,1125882,5034
0,5,0,13,35.14,5,45.45,5,45.45,6,0,84.95,18,37.5,313,2,13,3,9,0,0,0,9,1,0,0,0,0,43,1,79,7,6,30.0,2,66.67,0,2,3,0,6,1,2,0.0,0,3,,0,0,0,6.46,Jonathan Benítez,Palestino,819017,3157
1,0,0,6,50.0,1,9.09,4,57.14,1,0,70.0,7,30.43,96,1,1,1,2,0,0,0,1,0,0,0,0,0,5,0,14,0,0,0.0,0,0.0,1,0,1,0,2,2,0,50.0,0,0,,0,0,0,6.45,Daniel Barrea,Universidad de Concepción,1183778,5034
0,1,0,4,50.0,2,50.0,0,0.0,3,0,75.86,6,50.0,106,1,1,1,2,0,0,0,0,0,0,0,0,0,4,0,22,0,0,0.0,2,100.0,4,0,1,0,0,0,0,0.0,0,0,,0,1,0,6.45,Bryan Soto,Audax Italiano,986464,3162
0,0,0,0,0.0,0,0.0,0,0.0,0,0,80.0,0,0.0,27,0,0,1,2,0,0,0,0,0,0,0,0,0,2,0,12,0,0,0.0,2,66.67,0,0,1,0,2,1,1,0.0,0,0,,0,0,0,6.45,Felipe Villagrán,Everton de Viña del Mar,846140,5032
0,0,0,0,0.0,0,0.0,0,0.0,0,0,100.0,0,0.0,18,0,1,0,2,0,0,0,1,0,0,0,0,0,2,0,3,1,0,0.0,0,0.0,0,0,0,1,1,0,0,0.0,0,0,,0,0,0,6.45,Martín Ramírez,Universidad de Concepción,1982599,5034
0,0,0,4,57.14,0,0.0,2,50.0,2,0,91.67,4,57.14,42,0,0,1,3,0,0,0,2,0,0,0,0,0,5,0,11,0,0,0.0,0,0.0,0,0,0,0,0,0,0,0.0,0,1,,0,0,0,6.45,Milovan Velásquez,Deportes La Serena,1980426,5031
0,0,0,1,12.5,2,100.0,0,0.0,1,0,84.21,3,30.0,58,0,0,0,3,0,0,0,0,2,0,0,0,0,4,0,16,1,0,0.0,0,0.0,0,1,1,0,0,0,0,0.0,0,0,,0,0,0,6.45,Martín Hiriart,Unión La Calera,1650043,48242
0,0,0,5,45.45,1,50.0,1,33.33,2,0,74.07,6,46.15,145,2,0,2,4,0,0,0,4,2,0,0,0,0,18,0,40,1,1,33.33,2,50.0,0,0,2,0,5,2,2,0.0,0,0,,0,0,0,6.45,Benjamín Ramírez,Cobresal,1835778,3167
0,0,0,9,45.0,3,60.0,4,57.14,4,0,84.27,12,48.0,236,1,4,2,6,0,0,0,3,0,0,0,0,0,22,0,75,0,0,0.0,1,33.33,0,1,2,1,6,2,1,0.0,0,0,,0,0,0,6.45,Axel Encinas,Unión La Calera,1403421,48242
0,5,0,33,52.38,3,23.08,12,66.67,10,0,82.66,36,47.37,910,11,5,13,12,0,0,0,12,3,0,0,0,0,69,2,224,8,12,34.29,13,44.83,11,12,6,1,8,1,3,0.0,0,2,,0,0,0,6.45,Jorge Espejo,Universidad de Concepción,986609,5034
0,0,0,2,50.0,0,0.0,0,0.0,2,0,83.33,2,40.0,47,0,1,1,3,0,0,0,2,0,0,0,0,0,2,0,10,0,0,0.0,0,0.0,1,0,0,0,2,0,1,0.0,0,0,,0,0,0,6.43,Luciano Arriagada,Huachipato,1014798,3164
0,0,0,1,33.33,0,0.0,0,0.0,1,0,73.08,1,20.0,47,0,1,0,3,0,0,0,1,0,0,0,0,0,5,0,19,0,0,0.0,1,25.0,1,2,2,0,0,0,0,0.0,0,0,,0,0,0,6.43,Carlos Salomón,Ñublense,949422,7029
0,0,0,2,40.0,1,14.29,0,0.0,2,0,57.14,3,25.0,68,0,3,0,3,0,0,0,1,0,0,0,0,0,4,0,4,0,0,0.0,1,50.0,1,2,1,0,0,0,0,0.0,0,1,,0,0,0,6.43,Matias Sepulveda,Cobresal,1835784,3167
0,0,0,10,66.67,11,50.0,1,100.0,7,0,80.92,21,56.76,709,2,4,0,8,0,0,0,11,0,0,0,0,0,19,0,229,0,0,0.0,14,30.43,10,47,3,0,4,1,0,0.0,0,0,,0,0,0,6.43,Alan Robledo,O'Higgins,892450,3163
2,0,0,8,25.81,7,18.42,4,30.77,3,0,78.38,15,21.74,486,1,3,8,13,0,0,0,8,1,0,0,0,0,24,1,58,3,1,50.0,5,100.0,0,2,3,1,9,4,2,22.22,0,1,,0,0,0,6.42,Matías Campos López,Unión La Calera,924528,48242
0,0,0,2,33.33,0,0.0,0,0.0,1,0,83.33,2,33.33,21,1,1,1,1,0,0,0,1,0,0,0,0,0,0,0,5,0,0,0.0,0,0.0,1,0,0,0,0,0,0,0.0,0,0,,0,0,0,6.4,Luca Kmet,Universidad de Concepción,1836929,5034
0,0,0,0,0.0,0,0.0,0,0.0,0,0,33.33,0,0.0,9,0,0,0,1,0,0,0,0,0,0,0,0,0,0,0,1,0,0,0.0,0,0.0,0,0,0,0,0,0,0,0.0,0,0,,0,0,0,6.4,Cristóbal Chadwick,Everton de Viña del Mar,1199238,5032
0,0,0,1,50.0,0,0.0,1,100.0,0,0,66.67,1,20.0,26,0,0,0,1,0,0,0,0,0,0,0,0,0,2,0,8,0,0,0.0,1,100.0,0,1,1,0,0,0,0,0.0,0,0,,0,0,0,6.4,Jhon Cortes,Universidad de Chile,2331086,3161
0,0,0,1,50.0,0,0.0,0,0.0,1,0,71.43,1,50.0,10,0,1,0,1,0,0,0,0,0,0,0,0,0,4,0,5,0,0,0.0,0,0.0,0,0,0,0,0,0,0,0.0,0,0,,0,0,0,6.4,Sergio Carrasco,Cobresal,1872533,3167
0,0,0,0,0.0,0,0.0,0,0.0,0,0,0.0,0,0.0,10,0,1,0,1,0,0,0,0,0,0,0,0,0,0,0,0,0,0,0.0,0,0.0,0,0,0,0,1,0,0,0.0,0,0,,0,0,0,6.4,Albert Gomez,Palestino,2456021,3157
0,1,0,2,33.33,3,42.86,2,66.67,0,0,65.0,5,38.46,92,0,1,1,2,0,0,0,0,0,0,0,0,0,5,0,13,1,0,0.0,0,0.0,0,0,1,1,4,1,2,0.0,0,0,,0,0,0,6.4,Octavio Rivero,Universidad de Chile,790149,3161
0,0,0,1,20.0,4,57.14,0,0.0,0,0,60.0,5,41.67,79,1,2,1,2,0,0,0,4,1,0,0,0,0,3,0,12,0,0,0.0,1,100.0,0,0,0,0,3,1,0,0.0,0,0,,0,0,0,6.4,Esteban Calderón,O'Higgins,1409341,3163
0,1,0,4,50.0,0,0.0,0,0.0,3,0,25.0,4,50.0,54,1,3,0,2,0,0,0,3,0,0,0,0,0,0,0,1,0,0,0.0,0,0.0,0,0,0,0,0,0,0,0.0,0,0,,0,0,0,6.4,Bastián Escobar,Deportes Concepción,1482371,3160
0,0,0,4,66.67,0,0.0,1,100.0,3,0,67.92,4,44.44,101,0,1,0,2,0,0,0,2,0,0,0,0,0,0,0,36,0,0,0.0,0,0.0,0,7,1,0,0,0,0,0.0,0,0,,0,0,0,6.4,Mateo González Peña,Deportes Concepción,2076826,3160
0,0,0,6,33.33,1,9.09,0,0.0,4,0,61.29,7,24.14,136,2,3,3,6,0,0,0,2,0,0,0,0,0,12,0,19,3,0,0.0,4,50.0,1,1,1,0,6,3,3,0.0,0,3,,0,0,0,6.4,Bastián Contreras,Deportes La Serena,1875021,5031
0,0,0,16,42.11,3,14.29,7,53.85,2,0,85.49,19,32.2,344,7,5,11,13,0,0,0,9,0,0,0,0,0,75,1,165,10,5,27.78,7,70.0,1,1,1,1,16,4,5,0.0,1,0,,0,0,0,6.4,Ariel Uribe,Universidad de Concepción,965719,5034
0,2,0,17,40.48,7,53.85,6,46.15,7,0,70.85,24,43.64,868,4,3,12,14,0,0,0,14,1,0,0,0,0,49,1,158,6,4,14.29,6,40.0,5,16,5,2,15,2,3,0.0,0,6,,0,0,0,6.39,Joaquín Gutiérrez,Deportes La Serena,986598,5031
0,2,2,24,57.14,15,60.0,0,0.0,19,0,73.95,39,58.21,690,5,16,1,8,0,0,0,11,1,0,0,0,0,18,0,193,2,1,33.33,14,29.79,10,32,3,0,1,0,0,0.0,0,0,,0,0,0,6.39,Diego Carrasco,Deportes Concepción,973523,3160
0,1,0,11,45.83,2,25.0,2,40.0,6,0,80.89,13,40.63,302,3,4,5,4,0,0,0,5,1,0,0,0,0,36,0,127,3,1,14.29,12,54.55,2,4,1,0,3,1,0,0.0,0,0,,0,0,0,6.38,Yonathan Andía,Unión La Calera,925099,48242
0,1,0,13,48.15,6,46.15,3,42.86,9,0,79.49,19,47.5,322,1,7,3,5,0,0,0,6,0,0,0,0,0,30,0,93,1,1,12.5,5,55.56,4,8,2,0,2,1,1,0.0,0,0,,0,0,0,6.34,Dylan Escobar,Coquimbo Unido,986513,3165
0,0,0,1,12.5,0,0.0,0,0.0,0,0,71.43,1,10.0,58,1,4,0,3,0,0,0,1,0,0,0,0,0,2,0,5,0,0,0.0,0,0.0,1,0,3,0,0,0,0,0.0,0,0,,0,0,0,6.33,Martín Cárcamo,Everton de Viña del Mar,1469553,5032
0,0,0,1,50.0,3,60.0,0,0.0,1,0,71.43,4,57.14,101,0,1,0,3,0,0,0,2,0,0,0,0,0,4,0,20,0,0,0.0,1,20.0,2,5,0,0,0,0,0,0.0,0,0,,0,0,0,6.33,Maximiliano Osorio,Huachipato,2468598,3164
0,1,0,5,45.45,2,66.67,0,0.0,4,0,91.49,7,50.0,98,1,4,1,5,0,0,0,4,1,0,0,0,0,5,0,43,0,0,0.0,5,100.0,1,0,1,0,0,0,0,0.0,0,0,,0,1,0,6.33,Joan Orellana,Deportes La Serena,1807803,5031
0,1,0,10,50.0,3,42.86,1,100.0,5,0,82.86,13,48.15,298,4,3,3,6,0,0,0,8,1,0,0,0,0,13,0,87,0,1,33.33,7,53.85,1,12,4,1,2,0,0,0.0,0,0,,0,0,0,6.33,Moisés González,Universidad de Concepción,883483,5034
0,0,0,1,14.29,0,0.0,1,25.0,0,0,64.71,1,10.0,97,0,2,0,5,0,0,0,5,0,0,0,0,0,1,0,22,0,0,0.0,0,0.0,0,1,1,0,0,0,0,0.0,0,1,,0,1,0,6.32,Rodrigo Godoy,O'Higgins,2038202,3163
0,0,1,7,53.85,0,0.0,2,50.0,5,0,83.12,7,46.67,211,0,5,1,5,0,0,0,3,0,0,0,0,0,24,0,64,2,0,0.0,4,57.14,1,3,0,0,0,0,0,0.0,0,0,,1,0,0,6.32,Cristopher Barrera,Everton de Viña del Mar,988143,5032
0,0,0,2,100.0,0,0.0,0,0.0,2,0,80.0,2,100.0,15,0,0,0,1,0,0,0,2,0,0,0,0,0,3,0,8,1,0,0.0,1,100.0,0,0,0,0,0,0,0,0.0,0,0,,0,0,0,6.3,Martín Guzmán,Everton de Viña del Mar,2039913,5032
0,0,0,0,0.0,2,66.67,0,0.0,0,0,87.88,2,66.67,45,0,0,0,1,0,0,0,2,0,0,0,0,0,4,0,29,0,0,0.0,0,0.0,2,1,0,0,1,0,0,0.0,0,0,,0,0,0,6.3,Michael Maturana,Unión La Calera,1807687,48242
0,0,0,0,0.0,0,0.0,0,0.0,0,0,63.64,0,0.0,90,0,0,0,1,3,2,1,1,0,0,0,0,0,3,0,14,0,0,0.0,9,52.94,0,0,0,0,0,0,0,0.0,0,0,,0,0,0,6.3,José Tapia,Deportes La Serena,1186931,5031
0,0,0,1,50.0,0,0.0,0,0.0,1,0,75.0,1,33.33,45,0,0,0,1,0,0,0,3,0,0,0,0,0,2,0,6,0,0,0.0,2,66.67,1,3,1,0,0,0,0,0.0,0,0,,0,0,0,6.3,Anibal Gajardo,Cobresal,1835775,3167
0,0,0,0,0.0,0,0.0,0,0.0,0,0,70.37,0,0.0,46,0,0,2,2,0,0,0,1,0,0,0,0,0,2,0,19,0,0,0.0,1,33.33,3,1,1,0,0,0,0,0.0,0,0,,0,0,0,6.3,Sebastián Melgarejo,Huachipato,2038211,3164
0,1,0,1,33.33,3,30.0,0,0.0,0,0,60.87,4,30.77,111,1,1,0,2,0,0,0,3,0,0,0,0,0,11,1,14,1,0,0.0,0,0.0,0,1,0,1,0,0,0,0.0,0,0,,0,0,0,6.3,Ignacio Fuenzalida,Audax Italiano,1177430,3162
0,0,1,11,44.0,0,0.0,5,55.56,6,0,77.78,11,39.29,191,0,5,6,5,0,0,0,1,1,0,0,0,0,19,0,56,2,0,0.0,3,60.0,2,3,0,0,2,1,1,0.0,0,0,,0,0,0,6.3,Francisco Moreno,Cobresal,2477847,3167
0,3,0,11,42.31,0,0.0,2,33.33,7,0,67.35,11,32.35,220,2,7,2,5,0,0,0,5,0,0,0,0,0,11,0,33,0,1,12.5,2,20.0,7,9,2,0,0,0,0,0.0,0,0,,0,0,0,6.25,Fernando Dinamarca,Deportes La Serena,1502658,5031
0,0,0,2,18.18,3,37.5,2,33.33,0,0,61.11,5,26.32,92,0,1,5,3,0,0,0,1,0,0,0,0,0,9,0,22,1,0,0.0,0,0.0,0,0,0,0,7,2,1,0.0,0,0,,0,0,0,6.2,Rodrigo Holgado,Coquimbo Unido,889043,3165
0,1,0,6,23.08,0,0.0,3,30.0,2,0,69.23,6,21.43,153,1,6,4,3,0,0,0,2,0,0,0,0,0,7,0,27,1,1,33.33,0,0.0,0,5,4,0,0,0,0,0.0,0,0,,0,0,0,6.13,Alvaro Abarzua,Huachipato,1986165,3164
0,0,1,2,25.0,0,0.0,0,0.0,2,1,59.52,2,18.18,165,0,3,0,7,0,0,0,1,1,0,0,0,0,7,1,25,2,4,28.57,1,10.0,1,2,0,0,2,1,1,0.0,0,0,,0,0,0,6.1,Felipe Salomoni,Universidad de Chile,1138070,3161
0,0,0,2,40.0,0,0.0,1,50.0,1,0,77.78,2,40.0,30,0,0,1,2,0,0,0,2,0,0,0,0,0,2,0,7,0,0,0.0,0,0.0,0,1,1,0,1,1,0,0.0,0,0,,0,0,0,6.1,Cristóbal Sepúlveda,Deportes La Serena,2046426,5031
0,0,0,2,66.67,3,100.0,0,0.0,1,0,79.49,5,83.33,90,1,0,0,1,0,0,0,4,0,0,0,0,0,6,0,31,0,0,0.0,0,0.0,2,4,1,0,1,0,0,0.0,1,0,,0,0,0,5.9,Alexander Pastene,Unión La Calera,927110,48242
0,0,0,0,0.0,2,28.57,0,0.0,0,0,60.0,2,15.38,36,0,2,4,1,0,0,0,1,0,0,0,0,0,2,0,3,2,0,0.0,0,0.0,0,0,0,0,1,0,0,0.0,0,1,,0,0,0,5.8,Daniel Cordero,Deportes La Serena,1906001,5031
0,1,0,0,0.0,0,0.0,0,0.0,0,0,75.0,0,0.0,90,0,0,0,1,2,2,0,3,1,0,1,0,1,0,0,24,0,0,0.0,2,20.0,0,1,0,0,0,0,0,0.0,0,0,,0,0,0,5.2,Jorge Peña,O'Higgins,975502,3163
0,1,0,0,0.0,0,0.0,0,0.0,0,0,0.0,0,0.0,4,0,1,0,1,0,0,0,0,0,0,0,0,0,0,0,0,0,0,0.0,0,0.0,0,0,0,0,0,0,0,0.0,0,0,,0,0,0,0.0,Martín Rodríguez,Huachipato,312130,3164
0,0,0,0,0.0,0,0.0,0,0.0,0,0,100.0,0,0.0,1,0,0,1,1,0,0,0,0,0,0,0,0,0,1,0,6,1,1,50.0,0,0.0,0,0,0,0,0,0,0,0.0,0,0,,0,0,0,0.0,Benjamín Argandoña,Unión La Calera,2496220,48242
